unit,master,evaluation_namespace,episode,J
1,12794,23947,0,0.0947297623888441
1,12794,23947,1,0.03574764106560765
1,12794,23947,2,0.09171869235320806
1,12794,23947,3,0.14860144118320442
1,12794,23947,4,0.11873953806141788
1,12794,23947,5,0.1891630876419226
1,12794,23947,6,0.11955471787653556
1,12794,23947,7,0.10122551945074498
1,12794,23947,8,0.09404769218197763
1,12794,23947,9,0.08031154753073917
1,12794,23947,10,0.05302959492643016
1,12794,23947,11,0.045753190338670986
1,12794,23947,12,0.06474323672800429
1,12794,23947,13,0.16496445524580838
1,12794,23947,14,0.08293506123425534
1,12794,23947,15,0.01696481991190342
1,12794,23947,16,0.12432389832502218
1,12794,23947,17,0.10914059848553387
1,12794,23947,18,0.130577296896147
1,12794,23947,19,0.09927999462161431
1,12794,23947,20,0.11812089293396685
1,12794,23947,21,0.039086441383826415
1,12794,23947,22,0.13766277252207457
1,12794,23947,23,0.09105218866983775
1,12794,23947,24,0.1797093023340062
1,12794,23947,25,0.07625114794215006
1,12794,23947,26,0.21294031108644443
1,12794,23947,27,0.06982821101868973
1,12794,23947,28,0.06660996126058143
1,12794,23947,29,0.09224072570866369
1,12794,23947,30,0.14183746786965226
1,12794,23947,31,0.09119877444185312
1,12794,23947,32,0.09315633596790975
1,12794,23947,33,0.13704416443927347
1,12794,23947,34,0.1298632432058017
1,12794,23947,35,0.18289064365191177
1,12794,23947,36,0.12626306020060152
1,12794,23947,37,0.21133686085521813
1,12794,23947,38,0.09270459612926149
1,12794,23947,39,0.12969970066624112
1,12794,23947,40,0.11225305957884973
1,12794,23947,41,0.1587977378574162
1,12794,23947,42,0.10915175809420061
1,12794,23947,43,0.0701629554338307
1,12794,23947,44,0.1423440835809677
1,12794,23947,45,0.09704665833631666
1,12794,23947,46,0.08261727330386918
1,12794,23947,47,0.06759066423666976
1,12794,23947,48,0.20199280797703278
1,12794,23947,49,0.07416313349750352
1,12794,23947,50,0.03130296468084056
1,12794,23947,51,0.1286779661022754
1,12794,23947,52,0.11680645671357977
1,12794,23947,53,0.11553477517748136
1,12794,23947,54,0.15095359973874475
1,12794,23947,55,0.07615613423282226
1,12794,23947,56,0.10825002546200638
1,12794,23947,57,0.08278056739499312
1,12794,23947,58,0.15752057452157942
1,12794,23947,59,0.16124057465611702
1,12794,23947,60,0.09003135267806789
1,12794,23947,61,0.13997493637300532
1,12794,23947,62,0.06439672707446531
1,12794,23947,63,0.17086958860631507
1,12794,23947,64,0.040569504534416476
1,12794,23947,65,0.14745147131656713
1,12794,23947,66,0.17311722923951023
1,12794,23947,67,0.1499048473201743
1,12794,23947,68,0.10304505193338642
1,12794,23947,69,0.1175118485467996
1,12794,23947,70,0.048026299749760484
1,12794,23947,71,0.10811553645261818
1,12794,23947,72,0.10201011108172053
1,12794,23947,73,0.1432850259608839
1,12794,23947,74,0.19294628119440613
1,12794,23947,75,0.20138516808505344
1,12794,23947,76,0.1033994675861934
1,12794,23947,77,0.1078341216472621
1,12794,23947,78,0.1941045170076093
1,12794,23947,79,0.30314823230610666
1,12794,23947,80,0.18638440414435264
1,12794,23947,81,0.12343332811739163
1,12794,23947,82,0.09941449273928873
1,12794,23947,83,0.15647988445139163
1,12794,23947,84,0.1134455889828724
1,12794,23947,85,0.06341822436715729
1,12794,23947,86,0.15189889693891678
1,12794,23947,87,0.18098778292554227
1,12794,23947,88,0.19627138873200115
1,12794,23947,89,0.13091670497489732
1,12794,23947,90,0.16038987134947186
1,12794,23947,91,0.17537056473554846
1,12794,23947,92,0.10124519638542297
1,12794,23947,93,0.15068795884934827
1,12794,23947,94,0.09742953137975811
1,12794,23947,95,0.22351387551899962
1,12794,23947,96,0.14576641124392004
1,12794,23947,97,0.1452974535218205
1,12794,23947,98,0.12588219132271433
1,12794,23947,99,0.18810380192863593
1,12794,23947,100,0.09918473115423028
1,12794,23947,101,0.16299788625801762
1,12794,23947,102,0.049575813833699175
1,12794,23947,103,0.19772125686604414
1,12794,23947,104,0.14084844153142256
1,12794,23947,105,0.1705103918653982
1,12794,23947,106,0.13466974423946276
1,12794,23947,107,0.14315807231432265
1,12794,23947,108,0.16413638415743761
1,12794,23947,109,0.11368276691876383
1,12794,23947,110,0.147510211495908
1,12794,23947,111,0.22580872403075705
1,12794,23947,112,0.14528262299331227
1,12794,23947,113,0.13100607161376754
1,12794,23947,114,0.09877910565936064
1,12794,23947,115,0.1714717684657132
1,12794,23947,116,0.12169823230284665
1,12794,23947,117,0.14166069984410648
1,12794,23947,118,0.10584665538566213
1,12794,23947,119,0.16412062532075322
1,12794,23947,120,0.13737315134921366
1,12794,23947,121,0.1376710801034315
1,12794,23947,122,0.2268417942506126
1,12794,23947,123,0.16302773873656082
1,12794,23947,124,0.09825497801575939
1,12794,23947,125,0.21762040818712433
1,12794,23947,126,0.19877347526327777
1,12794,23947,127,0.15677122368276025
1,12794,23947,128,0.20740862606905214
1,12794,23947,129,0.20264718442864513
1,12794,23947,130,0.23018580393153149
1,12794,23947,131,0.16807440416175923
1,12794,23947,132,0.17478500663453392
1,12794,23947,133,0.2325730828937226
1,12794,23947,134,0.06079800480086269
1,12794,23947,135,0.09779297600857643
1,12794,23947,136,0.148829362086404
1,12794,23947,137,0.12259929572846469
1,12794,23947,138,0.15607290772271923
1,12794,23947,139,0.1536643184450572
1,12794,23947,140,0.13158473279610117
1,12794,23947,141,0.17303262534045952
1,12794,23947,142,0.1357800287561078
1,12794,23947,143,0.09848926980604152
1,12794,23947,144,0.2255098861960064
1,12794,23947,145,0.25061718805115774
1,12794,23947,146,0.2007294777293983
1,12794,23947,147,0.1616506906360587
1,12794,23947,148,0.14275884360855629
1,12794,23947,149,0.04467753536474105
1,12794,23947,150,0.049596330942093154
1,12794,23947,151,0.08450095725413542
1,12794,23947,152,0.19373036953515407
1,12794,23947,153,0.177583793913556
1,12794,23947,154,0.16146165153946257
1,12794,23947,155,0.13102956324755102
1,12794,23947,156,0.07354204737275936
1,12794,23947,157,0.1866839085918765
1,12794,23947,158,0.11313210039614216
1,12794,23947,159,0.06485195085286828
1,12794,23947,160,0.22294120445382165
1,12794,23947,161,0.18615605387032189
1,12794,23947,162,0.1548814668948201
1,12794,23947,163,0.1968363408856793
1,12794,23947,164,0.20987969352997982
1,12794,23947,165,0.14758206019148912
1,12794,23947,166,0.12017569461953517
1,12794,23947,167,0.1791054958146877
1,12794,23947,168,0.13911023571908263
1,12794,23947,169,0.10839146129105848
1,12794,23947,170,0.14136516587420744
1,12794,23947,171,0.260547384635578
1,12794,23947,172,0.16559769429169927
1,12794,23947,173,0.12200523203764398
1,12794,23947,174,0.18005992458659675
1,12794,23947,175,0.17777645419400342
1,12794,23947,176,0.15816539611863062
1,12794,23947,177,0.11766633489222061
1,12794,23947,178,0.15611264187916046
1,12794,23947,179,0.1062337641751737
1,12794,23947,180,0.12287714967402398
1,12794,23947,181,0.10000166919248528
1,12794,23947,182,0.035426676231589446
1,12794,23947,183,0.12328183094162162
1,12794,23947,184,0.18320491520061777
1,12794,23947,185,0.20469020413715214
1,12794,23947,186,0.24379403790188392
1,12794,23947,187,0.18549535203421144
1,12794,23947,188,0.2542745228052249
1,12794,23947,189,0.2461460270160339
1,12794,23947,190,0.10723022158113153
1,12794,23947,191,0.2660179059208037
1,12794,23947,192,0.2291016191480021
1,12794,23947,193,0.25177134407109425
1,12794,23947,194,0.16260872887319902
1,12794,23947,195,0.1863768192589092
1,12794,23947,196,0.24274868846335568
1,12794,23947,197,0.16577073432182377
1,12794,23947,198,0.17107881063121552
1,12794,23947,199,0.15028679065172693
1,12794,23947,200,0.22749440423719167
1,12794,23947,201,0.20742319052038966
1,12794,23947,202,0.18077973482112503
1,12794,23947,203,0.11763537530899938
1,12794,23947,204,0.22865860668652135
1,12794,23947,205,0.18108972436152096
1,12794,23947,206,0.18057703962053115
1,12794,23947,207,0.23102685411283577
1,12794,23947,208,0.19401807056844939
1,12794,23947,209,0.16779763820256455
1,12794,23947,210,0.1326738664443741
1,12794,23947,211,0.16021964531161537
1,12794,23947,212,0.1189698350705545
1,12794,23947,213,0.11225493848591453
1,12794,23947,214,0.20602024758709603
1,12794,23947,215,0.07019405487304665
1,12794,23947,216,0.042236777211770674
1,12794,23947,217,0.0829662982706935
1,12794,23947,218,0.07585878779672038
1,12794,23947,219,0.2078500081103211
1,12794,23947,220,0.047556194988845356
1,12794,23947,221,0.08462447840916527
1,12794,23947,222,0.09427454805277592
1,12794,23947,223,0.13987412010079317
1,12794,23947,224,0.11831607351201025
1,12794,23947,225,0.1403802448941885
1,12794,23947,226,0.09003197240289557
1,12794,23947,227,0.17487433949134334
1,12794,23947,228,0.11676598874157465
1,12794,23947,229,0.11700998269738902
1,12794,23947,230,0.12206173230892618
1,12794,23947,231,0.17179283679150667
1,12794,23947,232,0.1511725901252821
1,12794,23947,233,0.11168694360649811
1,12794,23947,234,0.12966423639626806
1,12794,23947,235,0.08307158762268357
1,12794,23947,236,0.12505257443442336
1,12794,23947,237,0.11286908106586865
1,12794,23947,238,0.18921500103172145
1,12794,23947,239,0.12099836199147965
1,12794,23947,240,0.06832532345156822
1,12794,23947,241,0.09144986106210885
1,12794,23947,242,0.1375612644447756
1,12794,23947,243,0.1759764173008807
1,12794,23947,244,0.14644177315689033
1,12794,23947,245,0.09576734803530718
1,12794,23947,246,0.09539248308437721
1,12794,23947,247,0.1406591068607835
1,12794,23947,248,0.10346733015877516
1,12794,23947,249,0.11992679590522622
1,12794,23947,250,0.15969773087393058
1,12794,23947,251,0.11386639723022178
1,12794,23947,252,0.06624348155713361
1,12794,23947,253,0.23167420671712255
1,12794,23947,254,0.25255975157424015
1,12794,23947,255,0.11439169589267827
1,12794,23947,256,0.14362576320762585
1,12794,23947,257,0.21378078278515017
1,12794,23947,258,0.24773039443757394
1,12794,23947,259,0.17032380822728393
1,12794,23947,260,0.06757581232760425
1,12794,23947,261,0.031005249202177617
1,12794,23947,262,0.13041558132229508
1,12794,23947,263,0.13386494261324666
1,12794,23947,264,0.16628327095239853
1,12794,23947,265,0.09818383845229058
1,12794,23947,266,0.07838960487480717
1,12794,23947,267,0.06144249992255592
1,12794,23947,268,0.09066589822234304
1,12794,23947,269,0.15677987952221775
1,12794,23947,270,0.2771457213845118
1,12794,23947,271,0.24780779752586332
1,12794,23947,272,0.1329809855850968
1,12794,23947,273,0.12726881183810373
1,12794,23947,274,0.17529109144029537
1,12794,23947,275,0.13960469613324536
1,12794,23947,276,0.12191516949072433
1,12794,23947,277,0.18731852945886454
1,12794,23947,278,0.12737258742035176
1,12794,23947,279,0.18414287488809347
1,12794,23947,280,0.15260981303111473
1,12794,23947,281,0.17048838482590845
1,12794,23947,282,0.12363146655029937
1,12794,23947,283,0.09610041430619318
1,12794,23947,284,0.23603062473833408
1,12794,23947,285,0.23350701686128156
1,12794,23947,286,0.15343041928052123
1,12794,23947,287,0.18215590332469406
1,12794,23947,288,0.03931865129257356
1,12794,23947,289,0.1572898245411398
1,12794,23947,290,0.15752111825514764
1,12794,23947,291,0.16634596579099487
1,12794,23947,292,0.13010696642054725
1,12794,23947,293,0.06055668651138092
1,12794,23947,294,0.22392180915501395
1,12794,23947,295,0.13799220243238897
1,12794,23947,296,0.23460747079529512
1,12794,23947,297,0.06280826737917078
1,12794,23947,298,0.12116447643345646
1,12794,23947,299,0.19594850085263538
1,12794,23947,300,0.22261888903963725
1,12794,23947,301,0.11612451144198292
1,12794,23947,302,0.15441179567623362
1,12794,23947,303,0.1565968091935585
1,12794,23947,304,0.19927218704190972
1,12794,23947,305,0.2197168257204001
1,12794,23947,306,0.19359868566522814
1,12794,23947,307,0.07366953010893246
1,12794,23947,308,0.19312603946683876
1,12794,23947,309,0.12251518655755902
1,12794,23947,310,0.23067365626001268
1,12794,23947,311,0.16243013576044393
1,12794,23947,312,0.143698292167186
1,12794,23947,313,0.12896935962644715
1,12794,23947,314,0.15001106225998456
1,12794,23947,315,0.22621639825141468
1,12794,23947,316,0.11074332105924775
1,12794,23947,317,0.059171354003657264
1,12794,23947,318,0.13190299857087237
1,12794,23947,319,0.1823542530023599
1,12794,23947,320,0.19699421166565487
1,12794,23947,321,0.12654001584695096
1,12794,23947,322,0.1479180106811649
1,12794,23947,323,0.10717370219815434
1,12794,23947,324,0.16382368289962052
1,12794,23947,325,0.1027282261607343
1,12794,23947,326,0.10819927945821914
1,12794,23947,327,0.21870917802805043
1,12794,23947,328,0.1707369712925276
1,12794,23947,329,0.1427753345467415
1,12794,23947,330,0.11483000901370512
1,12794,23947,331,0.044910881283329124
1,12794,23947,332,0.11695084329620974
1,12794,23947,333,0.08544281343092873
1,12794,23947,334,0.1734578260727523
1,12794,23947,335,0.06302985095662278
1,12794,23947,336,0.04567114148735352
1,12794,23947,337,0.12131286510337898
1,12794,23947,338,0.07300132366615548
1,12794,23947,339,0.05658883957204999
1,12794,23947,340,0.09685451945311165
1,12794,23947,341,0.05528240289856217
1,12794,23947,342,0.04977084242425543
1,12794,23947,343,0.06633658340457085
1,12794,23947,344,0.033127999037912484
1,12794,23947,345,0.12528915669748616
1,12794,23947,346,0.008996409193392733
1,12794,23947,347,0.09708740849881131
1,12794,23947,348,0.0638296696516095
1,12794,23947,349,0.11926612296949528
1,12794,23947,350,0.07682908628807661
1,12794,23947,351,0.17375074095703344
1,12794,23947,352,0.09592941656867418
1,12794,23947,353,0.21260729919223686
1,12794,23947,354,0.11519142798841606
1,12794,23947,355,0.031118257950925446
1,12794,23947,356,0.13062170041795246
1,12794,23947,357,0.052458109162199514
1,12794,23947,358,0.16775753706312396
1,12794,23947,359,0.09370122936831897
1,12794,23947,360,0.12755258113319756
1,12794,23947,361,0.05651842109587774
1,12794,23947,362,0.05523163369863969
1,12794,23947,363,0.1464490829947172
1,12794,23947,364,0.0586732550619168
1,12794,23947,365,0.07023409283084747
1,12794,23947,366,0.12712563671349683
1,12794,23947,367,0.0771341950816191
1,12794,23947,368,0.11209217859942712
1,12794,23947,369,0.08206655086742776
1,12794,23947,370,0.055627677690353886
1,12794,23947,371,0.10381005133581112
1,12794,23947,372,0.09860855509121513
1,12794,23947,373,0.10932680852863742
1,12794,23947,374,0.11632348299880813
1,12794,23947,375,0.13572052659960313
1,12794,23947,376,0.08404884439362711
1,12794,23947,377,0.12576004550300568
1,12794,23947,378,0.07937816149518148
1,12794,23947,379,0.09608369647463086
1,12794,23947,380,0.17085614007736308
1,12794,23947,381,0.09857768038058291
1,12794,23947,382,0.072294014314702
1,12794,23947,383,0.03563506460273826
1,12794,23947,384,0.2625913089567024
1,12794,23947,385,0.12935125596435038
1,12794,23947,386,0.12187849048536421
1,12794,23947,387,0.12166089905955219
1,12794,23947,388,0.09342582360236239
1,12794,23947,389,0.17028447322367435
1,12794,23947,390,0.09664404447164732
1,12794,23947,391,0.08205136093572944
1,12794,23947,392,0.17209437169084438
1,12794,23947,393,0.1197462210179568
1,12794,23947,394,0.09782895408287584
1,12794,23947,395,0.16161193049234537
1,12794,23947,396,0.14039131595073015
1,12794,23947,397,0.12993687895048595
1,12794,23947,398,0.1430464661306101
1,12794,23947,399,0.15507814220961358
1,12794,23947,400,0.11342289327219447
1,12794,23947,401,0.09218625627868772
1,12794,23947,402,0.029187188320579992
1,12794,23947,403,0.15958644165302002
1,12794,23947,404,0.05504092725217035
1,12794,23947,405,0.15310170147308366
1,12794,23947,406,0.015503349615360934
1,12794,23947,407,0.06177736806829564
1,12794,23947,408,0.06720870425963499
1,12794,23947,409,0.022645912897843193
1,12794,23947,410,0.030846177331854494
1,12794,23947,411,0.033392427183742086
1,12794,23947,412,0.10365247356590751
1,12794,23947,413,0.03685666298633732
1,12794,23947,414,0.11250799365397962
1,12794,23947,415,0.04385188599551447
1,12794,23947,416,0.054941229747491875
1,12794,23947,417,0.015684402122693113
1,12794,23947,418,0.09045273963092042
1,12794,23947,419,0.10499969098997529
1,12794,23947,420,0.07360962131003418
1,12794,23947,421,0.07355818615582273
1,12794,23947,422,0.04642092066050371
1,12794,23947,423,0.0348482440967622
1,12794,23947,424,0.12769140253206832
1,12794,23947,425,0.13349741777140295
1,12794,23947,426,0.025298649544790195
1,12794,23947,427,0.0927213762774321
1,12794,23947,428,0.08863290491399571
1,12794,23947,429,0.09863224421087688
1,12794,23947,430,0.06727293600425756
1,12794,23947,431,0.08695765111853895
1,12794,23947,432,0.1932187746309898
1,12794,23947,433,0.08704898706893953
1,12794,23947,434,0.18413166702790668
1,12794,23947,435,0.12964603567894106
1,12794,23947,436,0.08639809721928748
1,12794,23947,437,0.1886247471790482
1,12794,23947,438,0.09731340347278213
1,12794,23947,439,0.17472276561779881
1,12794,23947,440,0.15683086759435025
1,12794,23947,441,0.14023820365416426
1,12794,23947,442,0.11285059189472658
1,12794,23947,443,0.15076166616335437
1,12794,23947,444,0.10942530658067597
1,12794,23947,445,0.13057398783030696
1,12794,23947,446,0.1118792991114682
1,12794,23947,447,0.08757289937239189
1,12794,23947,448,0.09920518917476846
1,12794,23947,449,0.1594327945111876
1,12794,23947,450,0.06370438120617629
1,12794,23947,451,0.19866903165381866
1,12794,23947,452,0.10533843315430252
1,12794,23947,453,0.13121660319497122
1,12794,23947,454,0.013034173811475298
1,12794,23947,455,0.18049390418373443
1,12794,23947,456,0.12347954213509088
1,12794,23947,457,0.13657160316200853
1,12794,23947,458,0.2122562599176849
1,12794,23947,459,0.07507540868469258
1,12794,23947,460,0.09237998449026506
1,12794,23947,461,0.14539561905210166
1,12794,23947,462,0.09459146372499638
1,12794,23947,463,0.17136504130344518
1,12794,23947,464,0.19438393142808144
1,12794,23947,465,0.07706537761201984
1,12794,23947,466,0.22210033726977113
1,12794,23947,467,0.16007788912607165
1,12794,23947,468,0.1526943864596503
1,12794,23947,469,0.1074467350015795
1,12794,23947,470,0.1162754574489056
1,12794,23947,471,0.08281266866077612
1,12794,23947,472,0.1794306855388253
1,12794,23947,473,0.16750883304026776
1,12794,23947,474,0.15604798686145951
1,12794,23947,475,0.03695753635770956
1,12794,23947,476,0.26660874471680684
1,12794,23947,477,0.06111203159117472
1,12794,23947,478,0.15240015004330257
1,12794,23947,479,0.15758256767683215
1,12794,23947,480,0.15946360685961897
1,12794,23947,481,0.11735212326264183
1,12794,23947,482,0.1976359081134934
1,12794,23947,483,0.14668378096883788
1,12794,23947,484,0.19214346860535675
1,12794,23947,485,0.15684761358690816
1,12794,23947,486,0.09566986172406158
1,12794,23947,487,0.16382705030479805
1,12794,23947,488,0.14929893681981943
1,12794,23947,489,0.1514238233724352
1,12794,23947,490,0.14280769305715402
1,12794,23947,491,0.20670504193625733
1,12794,23947,492,0.1588027341812749
1,12794,23947,493,0.18740796312996452
1,12794,23947,494,0.22480174780281645
1,12794,23947,495,0.09023811207018007
1,12794,23947,496,0.06633174740395063
1,12794,23947,497,0.1667616312094375
1,12794,23947,498,0.09153669688279278
1,12794,23947,499,0.21045543816388154
1,12794,23947,500,0.09152153777535219
1,12794,23947,501,0.137539318379609
1,12794,23947,502,0.1700966766234887
1,12794,23947,503,0.08817163632848443
1,12794,23947,504,0.19528523626516314
1,12794,23947,505,0.044233061942877926
1,12794,23947,506,0.0779909422850874
1,12794,23947,507,0.25089067211795113
1,12794,23947,508,0.013736282681768472
1,12794,23947,509,0.03613147534542172
1,12794,23947,510,0.1030582021862752
1,12794,23947,511,0.1513251105339864
2,11477,24930,0,0.14809411828164076
2,11477,24930,1,0.03812816497299379
2,11477,24930,2,0.11716948356750391
2,11477,24930,3,0.17839331646375148
2,11477,24930,4,0.09368884958072447
2,11477,24930,5,0.18625327625741953
2,11477,24930,6,0.12216418385488868
2,11477,24930,7,0.19472311612872412
2,11477,24930,8,0.23713701349424396
2,11477,24930,9,0.1155902134555838
2,11477,24930,10,0.05638548056096112
2,11477,24930,11,0.24939589126301032
2,11477,24930,12,0.1750555332282112
2,11477,24930,13,0.17206320704791908
2,11477,24930,14,0.16315340434899875
2,11477,24930,15,0.09048256371728979
2,11477,24930,16,0.08908898788278866
2,11477,24930,17,0.21778103615144664
2,11477,24930,18,0.15597305528381017
2,11477,24930,19,0.09142302012497616
2,11477,24930,20,0.2106410097394196
2,11477,24930,21,0.21791358976725392
2,11477,24930,22,0.18354361779892414
2,11477,24930,23,0.10907224240799428
2,11477,24930,24,0.14945719987360834
2,11477,24930,25,0.176031370400724
2,11477,24930,26,0.26999139194930344
2,11477,24930,27,0.13288914624425735
2,11477,24930,28,0.18018755806161327
2,11477,24930,29,0.10931867441650336
2,11477,24930,30,0.09011146928211529
2,11477,24930,31,0.11562988469821157
2,11477,24930,32,0.16136790805196172
2,11477,24930,33,0.11829538065820731
2,11477,24930,34,0.1396697581368686
2,11477,24930,35,0.15125036796244107
2,11477,24930,36,0.09612491015825948
2,11477,24930,37,0.12835643001031302
2,11477,24930,38,0.14104130042373614
2,11477,24930,39,0.10274467173597229
2,11477,24930,40,0.12820625495697976
2,11477,24930,41,0.09219931101350923
2,11477,24930,42,0.12651056532143196
2,11477,24930,43,0.14547766041371576
2,11477,24930,44,0.17067559907827062
2,11477,24930,45,0.10846923371593459
2,11477,24930,46,0.09959000863627847
2,11477,24930,47,0.12603087544532096
2,11477,24930,48,0.14440187942776397
2,11477,24930,49,0.08735883216692854
2,11477,24930,50,0.07215060151033968
2,11477,24930,51,0.05314580201356747
2,11477,24930,52,0.07401238755267349
2,11477,24930,53,0.0672267729687529
2,11477,24930,54,0.08246196579452986
2,11477,24930,55,0.2258065834841499
2,11477,24930,56,0.06705812120227676
2,11477,24930,57,0.10363629510596133
2,11477,24930,58,0.09846296134770256
2,11477,24930,59,0.13821370689032494
2,11477,24930,60,0.19253593948354739
2,11477,24930,61,0.05453128080234342
2,11477,24930,62,0.06434437769363686
2,11477,24930,63,0.1308171824966491
2,11477,24930,64,0.20813505954673303
2,11477,24930,65,0.1270799811593954
2,11477,24930,66,0.15608557954261096
2,11477,24930,67,0.10196684367516647
2,11477,24930,68,0.1847494445265536
2,11477,24930,69,0.11858908399304179
2,11477,24930,70,0.1240816174435011
2,11477,24930,71,0.14006146880118187
2,11477,24930,72,0.11966782189588755
2,11477,24930,73,0.15739420203603485
2,11477,24930,74,0.17381357821739926
2,11477,24930,75,0.18857484757618842
2,11477,24930,76,0.07258702887788673
2,11477,24930,77,0.14276488387678843
2,11477,24930,78,0.16769143324029678
2,11477,24930,79,0.06943510609891271
2,11477,24930,80,0.24288199498293364
2,11477,24930,81,0.16007863986288592
2,11477,24930,82,0.0986872883570309
2,11477,24930,83,0.13819814719047943
2,11477,24930,84,0.1934144865195333
2,11477,24930,85,0.026707817435814647
2,11477,24930,86,0.2129843934041985
2,11477,24930,87,0.14857328147286034
2,11477,24930,88,0.14837822042334897
2,11477,24930,89,0.18370147375099047
2,11477,24930,90,0.1539831292790957
2,11477,24930,91,0.20360862419384362
2,11477,24930,92,0.09294438456333216
2,11477,24930,93,0.09211440213062082
2,11477,24930,94,0.02328353856690868
2,11477,24930,95,0.2183490703048167
2,11477,24930,96,0.05966587916880446
2,11477,24930,97,0.07185846990284928
2,11477,24930,98,0.024486256611794384
2,11477,24930,99,0.06975870015901597
2,11477,24930,100,0.07395714550823956
2,11477,24930,101,0.18650763059012238
2,11477,24930,102,0.17581289446665407
2,11477,24930,103,0.1600672254575932
2,11477,24930,104,0.0734821785651551
2,11477,24930,105,0.18864564217803548
2,11477,24930,106,0.12419045401528443
2,11477,24930,107,0.03262008636749285
2,11477,24930,108,0.05889601061626914
2,11477,24930,109,0.1472991536038923
2,11477,24930,110,0.27453001140409805
2,11477,24930,111,0.1904050167169913
2,11477,24930,112,0.2201411448273765
2,11477,24930,113,0.18552586598613868
2,11477,24930,114,0.14423295400075592
2,11477,24930,115,0.12895504940631441
2,11477,24930,116,0.17257306986126186
2,11477,24930,117,0.1546610920967842
2,11477,24930,118,0.09752366344698522
2,11477,24930,119,0.07639361850059082
2,11477,24930,120,0.13180463627479394
2,11477,24930,121,0.22308250181616465
2,11477,24930,122,0.19726029548095797
2,11477,24930,123,0.09843239859650979
2,11477,24930,124,0.05499476298669199
2,11477,24930,125,0.24016764897422335
2,11477,24930,126,0.30013805688993633
2,11477,24930,127,0.042378279344776636
2,11477,24930,128,0.07975408298625097
2,11477,24930,129,0.13405738666395464
2,11477,24930,130,0.135166318792441
2,11477,24930,131,0.1915166471334195
2,11477,24930,132,0.1286251366485762
2,11477,24930,133,0.20569231505465868
2,11477,24930,134,0.2637516163144316
2,11477,24930,135,0.22251323006421728
2,11477,24930,136,0.17723593303633156
2,11477,24930,137,0.20071644312010606
2,11477,24930,138,0.20075940018335506
2,11477,24930,139,0.23423633127301577
2,11477,24930,140,0.27229645198136504
2,11477,24930,141,0.1072132249638319
2,11477,24930,142,0.10095707134637565
2,11477,24930,143,0.14786503351275546
2,11477,24930,144,0.2503341455963876
2,11477,24930,145,0.12332305453361564
2,11477,24930,146,0.07897393572045376
2,11477,24930,147,0.2139147798995611
2,11477,24930,148,0.24255853399597013
2,11477,24930,149,0.24153073515974569
2,11477,24930,150,0.17509958882459312
2,11477,24930,151,0.16671221794650448
2,11477,24930,152,0.24089075108174626
2,11477,24930,153,0.23826842069018345
2,11477,24930,154,0.13940553226214372
2,11477,24930,155,0.1779584518671467
2,11477,24930,156,0.14851000871950615
2,11477,24930,157,0.2040149973923577
2,11477,24930,158,0.28405380247427703
2,11477,24930,159,0.2589267567329308
2,11477,24930,160,0.23081486438912907
2,11477,24930,161,0.22431016520091748
2,11477,24930,162,0.07857909724970766
2,11477,24930,163,0.17555206754928038
2,11477,24930,164,0.23723984193872968
2,11477,24930,165,0.06304251824505253
2,11477,24930,166,0.21390476548710163
2,11477,24930,167,0.23958439154825287
2,11477,24930,168,0.22224793781890495
2,11477,24930,169,0.19928532346019573
2,11477,24930,170,0.16862349740337162
2,11477,24930,171,0.07170975284595384
2,11477,24930,172,0.14847401714088282
2,11477,24930,173,0.21053064190197884
2,11477,24930,174,0.14607772369388308
2,11477,24930,175,0.1547316265606346
2,11477,24930,176,0.1027830938587816
2,11477,24930,177,0.15624399678670106
2,11477,24930,178,0.18289372513949514
2,11477,24930,179,0.2067476498373199
2,11477,24930,180,0.10724378853103905
2,11477,24930,181,0.09304072848510439
2,11477,24930,182,0.11227306613884405
2,11477,24930,183,0.07877431405820214
2,11477,24930,184,0.026242737165264433
2,11477,24930,185,0.0968373416576745
2,11477,24930,186,0.06023516648463063
2,11477,24930,187,0.14952986731626108
2,11477,24930,188,0.11530378020854533
2,11477,24930,189,0.1293169812001577
2,11477,24930,190,0.07714490357154195
2,11477,24930,191,0.09640175547337163
2,11477,24930,192,0.1487923584213007
2,11477,24930,193,0.04212118770921033
2,11477,24930,194,0.09190070337275566
2,11477,24930,195,0.04472160027012071
2,11477,24930,196,0.0673964469487569
2,11477,24930,197,0.0804044501407201
2,11477,24930,198,0.160523508535799
2,11477,24930,199,0.20226947236812565
2,11477,24930,200,0.16427798913205702
2,11477,24930,201,0.08621207579604287
2,11477,24930,202,0.04083369075066295
2,11477,24930,203,0.15153065940998625
2,11477,24930,204,0.10934196025669304
2,11477,24930,205,0.13051161213669438
2,11477,24930,206,0.04292965773087138
2,11477,24930,207,0.06785120737626094
2,11477,24930,208,0.12880685032970865
2,11477,24930,209,0.13555294063156204
2,11477,24930,210,0.13447714037132907
2,11477,24930,211,0.11416705787491292
2,11477,24930,212,0.06170884053675801
2,11477,24930,213,0.08570994929187736
2,11477,24930,214,0.0766575246798206
2,11477,24930,215,0.13014253330085898
2,11477,24930,216,0.13477776729004992
2,11477,24930,217,0.08211590047008419
2,11477,24930,218,0.11977031898446296
2,11477,24930,219,0.06950444706909824
2,11477,24930,220,0.04874667544768512
2,11477,24930,221,0.026774128775727973
2,11477,24930,222,0.08317977753363243
2,11477,24930,223,0.15095749256655291
2,11477,24930,224,0.06834291589489445
2,11477,24930,225,0.10077874151552797
2,11477,24930,226,0.06940977347683581
2,11477,24930,227,0.0536278445925026
2,11477,24930,228,0.1122715489053005
2,11477,24930,229,0.0882874431438814
2,11477,24930,230,0.12587215888870432
2,11477,24930,231,0.1075093486950326
2,11477,24930,232,0.024052804343853113
2,11477,24930,233,0.11882371331675547
2,11477,24930,234,0.10720029607726998
2,11477,24930,235,0.17996079088400369
2,11477,24930,236,0.14636700630564015
2,11477,24930,237,0.1308351459989247
2,11477,24930,238,0.15842413247062034
2,11477,24930,239,0.11925716402798145
2,11477,24930,240,0.12118333523883101
2,11477,24930,241,0.09824310229975311
2,11477,24930,242,0.14003070839605955
2,11477,24930,243,0.11613284398905706
2,11477,24930,244,0.14060267549971114
2,11477,24930,245,0.09770259124023313
2,11477,24930,246,0.15973189698415027
2,11477,24930,247,0.16334517603133134
2,11477,24930,248,0.01271890925029328
2,11477,24930,249,0.19711863136129337
2,11477,24930,250,0.251920898886381
2,11477,24930,251,0.15220545648812336
2,11477,24930,252,0.1542326297919147
2,11477,24930,253,0.19403556977776643
2,11477,24930,254,0.12649919199577866
2,11477,24930,255,0.2323348661455908
2,11477,24930,256,0.14929491951776716
2,11477,24930,257,0.08927278759908264
2,11477,24930,258,0.2699778810562561
2,11477,24930,259,0.019651850217215307
2,11477,24930,260,0.23984153117088722
2,11477,24930,261,0.22605490543216203
2,11477,24930,262,0.1747182858514661
2,11477,24930,263,0.14915351740629365
2,11477,24930,264,0.31517733769141015
2,11477,24930,265,0.20709971551024095
2,11477,24930,266,0.2083845722087919
2,11477,24930,267,0.20700134204641366
2,11477,24930,268,0.10608580765440243
2,11477,24930,269,0.1564889554129671
2,11477,24930,270,0.20294756789156584
2,11477,24930,271,0.1899093020969152
2,11477,24930,272,0.10718762336254174
2,11477,24930,273,0.11753373445503908
2,11477,24930,274,0.19448724485649582
2,11477,24930,275,0.24181776226725163
2,11477,24930,276,0.24595200437079298
2,11477,24930,277,0.15108465119726752
2,11477,24930,278,0.18301862566190882
2,11477,24930,279,0.13646619997885606
2,11477,24930,280,0.13397577877733416
2,11477,24930,281,0.06333089871403949
2,11477,24930,282,0.2242935302796488
2,11477,24930,283,0.07322117462316566
2,11477,24930,284,0.18726186187875676
2,11477,24930,285,0.1357168717340059
2,11477,24930,286,0.10704223077791082
2,11477,24930,287,0.2320812051678771
2,11477,24930,288,0.27939040283827765
2,11477,24930,289,0.21167089619424662
2,11477,24930,290,0.1360410194473948
2,11477,24930,291,0.1917182251680382
2,11477,24930,292,0.10165896313536031
2,11477,24930,293,0.09582974907141091
2,11477,24930,294,0.18265704853634318
2,11477,24930,295,0.2192534445854295
2,11477,24930,296,0.2161122553062407
2,11477,24930,297,0.16333259066788716
2,11477,24930,298,0.11950337578655579
2,11477,24930,299,0.21125878359486655
2,11477,24930,300,0.2803924968015066
2,11477,24930,301,0.14936110270518446
2,11477,24930,302,0.03947198016155219
2,11477,24930,303,0.16315111597587517
2,11477,24930,304,0.07730379382009107
2,11477,24930,305,0.06885655121274727
2,11477,24930,306,0.07107720756763769
2,11477,24930,307,0.13423902846535443
2,11477,24930,308,0.261269922647049
2,11477,24930,309,0.19457340161360373
2,11477,24930,310,0.2583831862367866
2,11477,24930,311,0.2056527058961514
2,11477,24930,312,0.10798710495502434
2,11477,24930,313,0.24266260747145627
2,11477,24930,314,0.1940679829271215
2,11477,24930,315,0.2071059222870654
2,11477,24930,316,0.20010172779756458
2,11477,24930,317,0.19568349917987612
2,11477,24930,318,0.07782819128075087
2,11477,24930,319,0.22505369919246618
2,11477,24930,320,0.1847307041667624
2,11477,24930,321,0.20180360069015332
2,11477,24930,322,0.20709666931319917
2,11477,24930,323,0.18444677014626512
2,11477,24930,324,0.20827724144058854
2,11477,24930,325,0.15328797455581372
2,11477,24930,326,0.042392402141907114
2,11477,24930,327,0.2116679197176762
2,11477,24930,328,0.27840719909807343
2,11477,24930,329,0.14126729629485313
2,11477,24930,330,0.20058960975908274
2,11477,24930,331,0.20912832137852766
2,11477,24930,332,0.06496555915187553
2,11477,24930,333,0.19603989244971717
2,11477,24930,334,0.16054574882162004
2,11477,24930,335,0.20608366931104524
2,11477,24930,336,0.25658688648645567
2,11477,24930,337,0.20368903210416991
2,11477,24930,338,0.17912672033743374
2,11477,24930,339,0.06783277112091773
2,11477,24930,340,0.27491115887436124
2,11477,24930,341,0.17636261933146136
2,11477,24930,342,0.13373443820668388
2,11477,24930,343,0.07534630523712443
2,11477,24930,344,0.2543046185446307
2,11477,24930,345,0.16872791621190264
2,11477,24930,346,0.2359953816426367
2,11477,24930,347,0.247614217370758
2,11477,24930,348,0.08890385615156396
2,11477,24930,349,0.07183124929596901
2,11477,24930,350,0.1331541970642407
2,11477,24930,351,0.17368027106471748
2,11477,24930,352,0.14976460149441514
2,11477,24930,353,0.17843812751634916
2,11477,24930,354,0.07753170234127553
2,11477,24930,355,0.20752361154995894
2,11477,24930,356,0.1213123669319733
2,11477,24930,357,0.12438846636064732
2,11477,24930,358,0.09227890853259478
2,11477,24930,359,0.075205056437992
2,11477,24930,360,0.04861571248915149
2,11477,24930,361,0.15922343114117601
2,11477,24930,362,0.2636634800266123
2,11477,24930,363,0.20377915385506398
2,11477,24930,364,0.09093460877966755
2,11477,24930,365,0.11857320743456681
2,11477,24930,366,0.09914892297957235
2,11477,24930,367,0.2073774382605095
2,11477,24930,368,0.15460410385581738
2,11477,24930,369,0.16297914387648668
2,11477,24930,370,0.09723691860117052
2,11477,24930,371,0.08915487649861242
2,11477,24930,372,0.2248255200425916
2,11477,24930,373,0.1376314286203988
2,11477,24930,374,0.25389962971219426
2,11477,24930,375,0.17523908511494132
2,11477,24930,376,0.19085040139150236
2,11477,24930,377,0.23863609926024199
2,11477,24930,378,0.11146003579511497
2,11477,24930,379,0.24871842783236178
2,11477,24930,380,0.1972368873679578
2,11477,24930,381,0.22055456631585535
2,11477,24930,382,0.19067413015369014
2,11477,24930,383,0.13144809567993693
2,11477,24930,384,0.16544745840643385
2,11477,24930,385,0.17619476742583148
2,11477,24930,386,0.1957788165320572
2,11477,24930,387,0.14529683412865585
2,11477,24930,388,0.17849348414799565
2,11477,24930,389,0.17417559361574236
2,11477,24930,390,0.3003427079252702
2,11477,24930,391,0.2532270410725364
2,11477,24930,392,0.19415154231074677
2,11477,24930,393,0.27186998455986044
2,11477,24930,394,0.3008196306034267
2,11477,24930,395,0.21921366741690634
2,11477,24930,396,0.06438275628112208
2,11477,24930,397,0.1809358991693055
2,11477,24930,398,0.2363111326980177
2,11477,24930,399,0.1477141408413438
2,11477,24930,400,0.15618074304216592
2,11477,24930,401,0.22996020150507637
2,11477,24930,402,0.20611430983282128
2,11477,24930,403,0.24262642927365896
2,11477,24930,404,0.2633321931656546
2,11477,24930,405,0.27483891786026227
2,11477,24930,406,0.24879209067821867
2,11477,24930,407,0.23075698887594803
2,11477,24930,408,0.047316952090402466
2,11477,24930,409,0.2875808725568086
2,11477,24930,410,0.26744263457846706
2,11477,24930,411,0.28151901308110266
2,11477,24930,412,0.13851888731334353
2,11477,24930,413,0.3155115508692108
2,11477,24930,414,0.18382639590790723
2,11477,24930,415,0.15907804875709786
2,11477,24930,416,0.18954286678431906
2,11477,24930,417,0.2798440670225396
2,11477,24930,418,0.2582190717962486
2,11477,24930,419,0.16030167980267906
2,11477,24930,420,0.17850074352011322
2,11477,24930,421,0.24154199239906235
2,11477,24930,422,0.1795164262906368
2,11477,24930,423,0.2765876702958815
2,11477,24930,424,0.28623235191541585
2,11477,24930,425,0.21618071609669923
2,11477,24930,426,0.11909689269412413
2,11477,24930,427,0.09764387379354382
2,11477,24930,428,0.1750384751202205
2,11477,24930,429,0.23578225049326312
2,11477,24930,430,0.11164341266105254
2,11477,24930,431,0.2232340559691706
2,11477,24930,432,0.2329292665181563
2,11477,24930,433,0.25671345011098634
2,11477,24930,434,0.31729596344178373
2,11477,24930,435,0.19964389603250804
2,11477,24930,436,0.21437260508132963
2,11477,24930,437,0.25414661343842226
2,11477,24930,438,0.2557589766390477
2,11477,24930,439,0.16906318110326107
2,11477,24930,440,0.1533023439837789
2,11477,24930,441,0.22861335168863964
2,11477,24930,442,0.2516714768145361
2,11477,24930,443,0.1809063237486425
2,11477,24930,444,0.2690148205313655
2,11477,24930,445,0.21268068750062077
2,11477,24930,446,0.09336408424523386
2,11477,24930,447,0.21734106266402833
2,11477,24930,448,0.16056436549671319
2,11477,24930,449,0.28455387461727233
2,11477,24930,450,0.299381790070732
2,11477,24930,451,0.25516568291759784
2,11477,24930,452,0.24703408889636502
2,11477,24930,453,0.3025836656205102
2,11477,24930,454,0.1346106920625967
2,11477,24930,455,0.24200081538545007
2,11477,24930,456,0.21531351583639005
2,11477,24930,457,0.2064814154623596
2,11477,24930,458,0.1822639250425442
2,11477,24930,459,0.2550938324747108
2,11477,24930,460,0.10992285114290684
2,11477,24930,461,0.09741365309532383
2,11477,24930,462,0.21146912468804932
2,11477,24930,463,0.188702623248595
2,11477,24930,464,0.235343054460771
2,11477,24930,465,0.24610267685447187
2,11477,24930,466,0.19824587945948513
2,11477,24930,467,0.04613061721061237
2,11477,24930,468,0.1949754741062845
2,11477,24930,469,0.34241271774273396
2,11477,24930,470,0.20532220135334775
2,11477,24930,471,0.0749850954548129
2,11477,24930,472,0.22838418034462174
2,11477,24930,473,0.1537123278597646
2,11477,24930,474,0.12405907238774273
2,11477,24930,475,0.23541255463385527
2,11477,24930,476,0.23291358106307575
2,11477,24930,477,0.09035527708077024
2,11477,24930,478,0.24452061078649903
2,11477,24930,479,0.2339682166998578
2,11477,24930,480,0.1755150330739285
2,11477,24930,481,0.1213807548024253
2,11477,24930,482,0.16584445332491227
2,11477,24930,483,0.17157166482778713
2,11477,24930,484,0.14792355063187068
2,11477,24930,485,0.2104540220786869
2,11477,24930,486,0.2145436348475843
2,11477,24930,487,0.15494724339980934
2,11477,24930,488,0.1877590504625962
2,11477,24930,489,0.12277708635434632
2,11477,24930,490,0.18540915767362678
2,11477,24930,491,0.13901018600434634
2,11477,24930,492,0.16347649186528657
2,11477,24930,493,0.12410244792997889
2,11477,24930,494,0.06895628608162484
2,11477,24930,495,0.11185872171547649
2,11477,24930,496,0.14540901753020094
2,11477,24930,497,0.12053558254956655
2,11477,24930,498,0.20095448753574896
2,11477,24930,499,0.12428000372992395
2,11477,24930,500,0.07749347691952346
2,11477,24930,501,0.20914993618279937
2,11477,24930,502,0.12424432618256165
2,11477,24930,503,0.10521881891784486
2,11477,24930,504,0.10613676263326599
2,11477,24930,505,0.11824634495258728
2,11477,24930,506,0.1415500072164429
2,11477,24930,507,0.11627148872786912
2,11477,24930,508,0.13288161458380976
2,11477,24930,509,0.17433277193035243
2,11477,24930,510,0.1481713142988532
2,11477,24930,511,0.15791040419754168
3,18150,21370,0,0.17743470090436875
3,18150,21370,1,0.14869737610290432
3,18150,21370,2,0.06123378846232577
3,18150,21370,3,0.15023546151367256
3,18150,21370,4,0.21749879543772016
3,18150,21370,5,0.135674823867107
3,18150,21370,6,0.14594783046077378
3,18150,21370,7,0.10512607513448569
3,18150,21370,8,0.0879371172093936
3,18150,21370,9,0.15922963156049147
3,18150,21370,10,0.05126697038554037
3,18150,21370,11,0.08018933262996923
3,18150,21370,12,0.10606757698343391
3,18150,21370,13,0.13380235086623785
3,18150,21370,14,0.026217480933860112
3,18150,21370,15,0.10563879057153382
3,18150,21370,16,0.249917059963155
3,18150,21370,17,0.11889186131931229
3,18150,21370,18,0.1472980005143416
3,18150,21370,19,0.06108139193958305
3,18150,21370,20,0.1091387090001135
3,18150,21370,21,0.12427562449989521
3,18150,21370,22,0.08850537955466545
3,18150,21370,23,0.14006110535741703
3,18150,21370,24,0.15678448249547408
3,18150,21370,25,0.1702062231870317
3,18150,21370,26,0.2014562661381298
3,18150,21370,27,0.1914185466294095
3,18150,21370,28,0.06070138603148025
3,18150,21370,29,0.16052965633200633
3,18150,21370,30,0.08124671740274651
3,18150,21370,31,0.09270578892760073
3,18150,21370,32,0.12472793326301074
3,18150,21370,33,0.16861649992378622
3,18150,21370,34,0.1638491872245809
3,18150,21370,35,0.10611030572041151
3,18150,21370,36,0.13759357834778807
3,18150,21370,37,0.2188313827551972
3,18150,21370,38,0.08572156007885044
3,18150,21370,39,0.1885710895122609
3,18150,21370,40,0.1788482448817272
3,18150,21370,41,0.16393442973727593
3,18150,21370,42,0.14707579448783709
3,18150,21370,43,0.2284998336534506
3,18150,21370,44,0.11674848208397773
3,18150,21370,45,0.12147172771061444
3,18150,21370,46,0.0701623679430593
3,18150,21370,47,0.18133854239226152
3,18150,21370,48,0.02664920566893427
3,18150,21370,49,0.21811857922289565
3,18150,21370,50,0.1757432001262272
3,18150,21370,51,0.11745512347548275
3,18150,21370,52,0.22253396144578175
3,18150,21370,53,0.2421267419645435
3,18150,21370,54,0.17751625159705609
3,18150,21370,55,0.13842340963734717
3,18150,21370,56,0.14630705143000214
3,18150,21370,57,0.25101706935792467
3,18150,21370,58,0.19408074519494825
3,18150,21370,59,0.16247844014621518
3,18150,21370,60,0.1577556872747997
3,18150,21370,61,0.15850177975575516
3,18150,21370,62,0.27321884002949104
3,18150,21370,63,0.17048445913330118
3,18150,21370,64,0.2012628796638969
3,18150,21370,65,0.15611574886706525
3,18150,21370,66,0.25173162042176667
3,18150,21370,67,0.09688422343438272
3,18150,21370,68,0.1897014999205366
3,18150,21370,69,0.18028874872845513
3,18150,21370,70,0.17330228048824367
3,18150,21370,71,0.19620315831216076
3,18150,21370,72,0.22113174370646493
3,18150,21370,73,0.09617200589506454
3,18150,21370,74,0.16120068201177215
3,18150,21370,75,0.1696662492871058
3,18150,21370,76,0.13855832871510246
3,18150,21370,77,0.16693644971303953
3,18150,21370,78,0.13880771827067526
3,18150,21370,79,0.14017685546209993
3,18150,21370,80,0.1840628342138819
3,18150,21370,81,0.19332085639843416
3,18150,21370,82,0.11601916805494539
3,18150,21370,83,0.14802341995802792
3,18150,21370,84,0.1210481415373016
3,18150,21370,85,0.1912336528957281
3,18150,21370,86,0.26731503609493196
3,18150,21370,87,0.17469146223325627
3,18150,21370,88,0.20964598796412473
3,18150,21370,89,0.16815373597022962
3,18150,21370,90,0.10984219084974821
3,18150,21370,91,0.11818028227661517
3,18150,21370,92,0.12895927202016666
3,18150,21370,93,0.14509636697718425
3,18150,21370,94,0.1325354877986145
3,18150,21370,95,0.15904472333949524
3,18150,21370,96,0.2746449181362478
3,18150,21370,97,0.2602949558202147
3,18150,21370,98,0.11699531329928406
3,18150,21370,99,0.18194440488532718
3,18150,21370,100,0.23757175680185197
3,18150,21370,101,0.16269147152040758
3,18150,21370,102,0.1404374734391461
3,18150,21370,103,0.1868851056722732
3,18150,21370,104,0.07589717967859852
3,18150,21370,105,0.2002289919231314
3,18150,21370,106,0.2273403669674282
3,18150,21370,107,0.14790339604329855
3,18150,21370,108,0.125831679793751
3,18150,21370,109,0.1779534217837841
3,18150,21370,110,0.09472740764057866
3,18150,21370,111,0.15917346804086943
3,18150,21370,112,0.2331282510053424
3,18150,21370,113,0.15934212235516865
3,18150,21370,114,0.18567562535175314
3,18150,21370,115,0.2521429583707897
3,18150,21370,116,0.22384235865294191
3,18150,21370,117,0.07587567570271954
3,18150,21370,118,0.1774213098852632
3,18150,21370,119,0.18914873944818572
3,18150,21370,120,0.1808934474034221
3,18150,21370,121,0.06866388696859764
3,18150,21370,122,0.14467458786246037
3,18150,21370,123,0.04961820939263038
3,18150,21370,124,0.15800874738925846
3,18150,21370,125,0.21705414062579706
3,18150,21370,126,0.14951942502973278
3,18150,21370,127,0.26574835762035814
3,18150,21370,128,0.18209729365364752
3,18150,21370,129,0.05632292138590809
3,18150,21370,130,0.0906239199858963
3,18150,21370,131,0.22717284959801212
3,18150,21370,132,0.18082453078201777
3,18150,21370,133,0.2313902980818265
3,18150,21370,134,0.1234213217448184
3,18150,21370,135,0.19612663012304926
3,18150,21370,136,0.1503912191019365
3,18150,21370,137,0.20024889810317664
3,18150,21370,138,0.1298452585998664
3,18150,21370,139,0.16841861952283305
3,18150,21370,140,0.14160465827983712
3,18150,21370,141,0.1813432632695895
3,18150,21370,142,0.11917891924601162
3,18150,21370,143,0.1851599481240663
3,18150,21370,144,0.1993630910633349
3,18150,21370,145,0.20194226962221984
3,18150,21370,146,0.21951254738847534
3,18150,21370,147,0.1435599452983253
3,18150,21370,148,0.06775616351505627
3,18150,21370,149,0.0630389061631796
3,18150,21370,150,0.17161605597801807
3,18150,21370,151,0.07243004431684191
3,18150,21370,152,0.27607589965935414
3,18150,21370,153,0.20466514538535086
3,18150,21370,154,0.16232972471864754
3,18150,21370,155,0.1203246749782325
3,18150,21370,156,0.1432337009750935
3,18150,21370,157,0.18062216375521958
3,18150,21370,158,0.22317223664181263
3,18150,21370,159,0.13608136290778655
3,18150,21370,160,0.3000199048730018
3,18150,21370,161,0.18155006295025233
3,18150,21370,162,0.15893270891849226
3,18150,21370,163,0.22711885835532142
3,18150,21370,164,0.22061698440744135
3,18150,21370,165,0.13116427428950223
3,18150,21370,166,0.2012363592478023
3,18150,21370,167,0.19140776844495042
3,18150,21370,168,0.18540541421159754
3,18150,21370,169,0.22695198261769103
3,18150,21370,170,0.18992309947861583
3,18150,21370,171,0.12071709378239134
3,18150,21370,172,0.20783403651964757
3,18150,21370,173,0.19546390358787524
3,18150,21370,174,0.17297946651381843
3,18150,21370,175,0.13359656583738605
3,18150,21370,176,0.1917324509767937
3,18150,21370,177,0.16303149603237446
3,18150,21370,178,0.15481065243349007
3,18150,21370,179,0.15188101427026707
3,18150,21370,180,0.16511663857027267
3,18150,21370,181,0.2792872950214167
3,18150,21370,182,0.15847496511795856
3,18150,21370,183,0.08703079852703248
3,18150,21370,184,0.128316533817884
3,18150,21370,185,0.1938740174940715
3,18150,21370,186,0.15522022813886652
3,18150,21370,187,0.10463680482149713
3,18150,21370,188,0.037073745681986695
3,18150,21370,189,0.06768735530159385
3,18150,21370,190,0.09763413335142222
3,18150,21370,191,0.1260834976106398
3,18150,21370,192,0.08935245039910075
3,18150,21370,193,0.09176334503926162
3,18150,21370,194,0.13411281232042296
3,18150,21370,195,0.0997884589681327
3,18150,21370,196,0.10079621398127084
3,18150,21370,197,0.17343725361134557
3,18150,21370,198,0.08078433953419548
3,18150,21370,199,0.148051834903922
3,18150,21370,200,0.13964581784566527
3,18150,21370,201,0.1241900719375117
3,18150,21370,202,0.05943145552690489
3,18150,21370,203,0.1108750104779439
3,18150,21370,204,0.10689216585676466
3,18150,21370,205,0.09531058791472469
3,18150,21370,206,0.15842828827955044
3,18150,21370,207,0.15466011759877538
3,18150,21370,208,0.09931677553463013
3,18150,21370,209,0.07150257900327596
3,18150,21370,210,0.19552835714379865
3,18150,21370,211,0.07447702573549143
3,18150,21370,212,0.1468294047185049
3,18150,21370,213,0.163339221312036
3,18150,21370,214,0.0631129032103593
3,18150,21370,215,0.15638296846494734
3,18150,21370,216,0.11488863104633748
3,18150,21370,217,0.09592948706729404
3,18150,21370,218,0.15098571017469672
3,18150,21370,219,0.11083368274920617
3,18150,21370,220,0.07276957616855693
3,18150,21370,221,0.08411885644660737
3,18150,21370,222,0.04735025191988872
3,18150,21370,223,0.18799391889569353
3,18150,21370,224,0.0966620819119695
3,18150,21370,225,0.11581783548916351
3,18150,21370,226,0.07707785971028151
3,18150,21370,227,0.06737055744640323
3,18150,21370,228,0.14491306021185746
3,18150,21370,229,0.1421621906433806
3,18150,21370,230,0.1475961238623902
3,18150,21370,231,0.20092344541747403
3,18150,21370,232,0.040097095263940404
3,18150,21370,233,0.11892579220128144
3,18150,21370,234,0.10380621267734129
3,18150,21370,235,0.08279937486768603
3,18150,21370,236,0.07323529368535009
3,18150,21370,237,0.13251871368480003
3,18150,21370,238,0.2699446780209138
3,18150,21370,239,0.1433337495881892
3,18150,21370,240,0.24051163398603126
3,18150,21370,241,0.18903733268517964
3,18150,21370,242,0.20809776398395902
3,18150,21370,243,0.2526068276174728
3,18150,21370,244,0.1917250924080494
3,18150,21370,245,0.19481421039118607
3,18150,21370,246,0.211663947491511
3,18150,21370,247,0.26212371181586913
3,18150,21370,248,0.24262491907263006
3,18150,21370,249,0.21444261335529186
3,18150,21370,250,0.2319617894396076
3,18150,21370,251,0.19102329066941853
3,18150,21370,252,0.24447310507287343
3,18150,21370,253,0.1799975318040754
3,18150,21370,254,0.20990575494176084
3,18150,21370,255,0.24956371950616021
3,18150,21370,256,0.2674953256170337
3,18150,21370,257,0.21758206222194734
3,18150,21370,258,0.13470784155921203
3,18150,21370,259,0.19587170670137324
3,18150,21370,260,0.15903270407400175
3,18150,21370,261,0.2698823870763679
3,18150,21370,262,0.22604118933070713
3,18150,21370,263,0.2158161975806828
3,18150,21370,264,0.154123271459908
3,18150,21370,265,0.1591770878808702
3,18150,21370,266,0.20280027897570294
3,18150,21370,267,0.17083673838090643
3,18150,21370,268,0.17843787340560216
3,18150,21370,269,0.2205104020561063
3,18150,21370,270,0.26778198542648657
3,18150,21370,271,0.20918614386010237
3,18150,21370,272,0.21144737364354985
3,18150,21370,273,0.16082955781046285
3,18150,21370,274,0.1718289073765948
3,18150,21370,275,0.20546283724916015
3,18150,21370,276,0.2705848076446097
3,18150,21370,277,0.1857343282859857
3,18150,21370,278,0.2039079938827776
3,18150,21370,279,0.21147333900088766
3,18150,21370,280,0.19662541974628608
3,18150,21370,281,0.16931312143559243
3,18150,21370,282,0.27756194843255305
3,18150,21370,283,0.22978081296671282
3,18150,21370,284,0.15557850413173277
3,18150,21370,285,0.16661723468159192
3,18150,21370,286,0.13152754265482644
3,18150,21370,287,0.24384079626015953
3,18150,21370,288,0.18750563456890015
3,18150,21370,289,0.2966305836987098
3,18150,21370,290,0.07973325872222245
3,18150,21370,291,0.2621411883728498
3,18150,21370,292,0.18590882378420706
3,18150,21370,293,0.2664201184687597
3,18150,21370,294,0.17001657491977054
3,18150,21370,295,0.1938490359023093
3,18150,21370,296,0.2620566529531884
3,18150,21370,297,0.24672344807571062
3,18150,21370,298,0.25560487903288703
3,18150,21370,299,0.17856792662931364
3,18150,21370,300,0.19730797946524437
3,18150,21370,301,0.196865167535766
3,18150,21370,302,0.245294525562055
3,18150,21370,303,0.2064066556447645
3,18150,21370,304,0.23074581797484833
3,18150,21370,305,0.20660956771922734
3,18150,21370,306,0.3040637334629102
3,18150,21370,307,0.24267070578358346
3,18150,21370,308,0.2453421846280961
3,18150,21370,309,0.3072242740634361
3,18150,21370,310,0.2385009541409045
3,18150,21370,311,0.16659247794893065
3,18150,21370,312,0.1719988155291453
3,18150,21370,313,0.11961826309968943
3,18150,21370,314,0.165371809417768
3,18150,21370,315,0.23224337165375242
3,18150,21370,316,0.21709211142031537
3,18150,21370,317,0.2326065849798469
3,18150,21370,318,0.15651795323904083
3,18150,21370,319,0.05605202960898759
3,18150,21370,320,0.20521696605963619
3,18150,21370,321,0.18387756194774324
3,18150,21370,322,0.17775365215750005
3,18150,21370,323,0.14807647945719574
3,18150,21370,324,0.1873630310951062
3,18150,21370,325,0.11063603766639957
3,18150,21370,326,0.1487969233526435
3,18150,21370,327,0.12289964685141323
3,18150,21370,328,0.22132918517985306
3,18150,21370,329,0.13333405141747046
3,18150,21370,330,0.28514290214044763
3,18150,21370,331,0.16843488799458248
3,18150,21370,332,0.11848515548953739
3,18150,21370,333,0.17965259630966238
3,18150,21370,334,0.11534546877907753
3,18150,21370,335,0.11391422412084623
3,18150,21370,336,0.10654914743086161
3,18150,21370,337,0.16571761491696907
3,18150,21370,338,0.20007748566208494
3,18150,21370,339,0.18694264881105532
3,18150,21370,340,0.17495243645197453
3,18150,21370,341,0.11000647061471662
3,18150,21370,342,0.08120865072567132
3,18150,21370,343,0.04429660530634232
3,18150,21370,344,0.07855907406244886
3,18150,21370,345,0.14647109530717595
3,18150,21370,346,0.09881094903860752
3,18150,21370,347,0.10519512486614323
3,18150,21370,348,0.1292843570056038
3,18150,21370,349,0.0929608888045007
3,18150,21370,350,0.04795352292859565
3,18150,21370,351,0.14450363344796505
3,18150,21370,352,0.1293157701796059
3,18150,21370,353,0.11506241864588006
3,18150,21370,354,0.12593270575115098
3,18150,21370,355,0.10376110429057876
3,18150,21370,356,0.14512787215182146
3,18150,21370,357,0.1648971709874007
3,18150,21370,358,0.21745073239688603
3,18150,21370,359,0.11753972694808797
3,18150,21370,360,0.11162196587762603
3,18150,21370,361,0.09729871122230994
3,18150,21370,362,0.18133446873905373
3,18150,21370,363,0.14784997524663152
3,18150,21370,364,0.05528057215453804
3,18150,21370,365,0.11784918620734022
3,18150,21370,366,0.13027698822466954
3,18150,21370,367,0.20180785156214054
3,18150,21370,368,0.08757513927912776
3,18150,21370,369,0.11627946236222657
3,18150,21370,370,0.15484318856147
3,18150,21370,371,0.06535793386409486
3,18150,21370,372,0.13622919835671976
3,18150,21370,373,0.22727210128586067
3,18150,21370,374,0.1360359953334207
3,18150,21370,375,0.10158903791312526
3,18150,21370,376,0.12129000115894527
3,18150,21370,377,0.20156563938304348
3,18150,21370,378,0.17705610777819275
3,18150,21370,379,0.05238595804094304
3,18150,21370,380,0.1290758468383688
3,18150,21370,381,0.09635189642891462
3,18150,21370,382,0.14756579120078456
3,18150,21370,383,0.2316650087070562
3,18150,21370,384,0.10820641449727574
3,18150,21370,385,0.14555876346988278
3,18150,21370,386,0.2405128284950627
3,18150,21370,387,0.18293226632940646
3,18150,21370,388,0.23111825393426577
3,18150,21370,389,0.20607783215174
3,18150,21370,390,0.156652964620077
3,18150,21370,391,0.21194162827776591
3,18150,21370,392,0.1830398124345067
3,18150,21370,393,0.19943487096480247
3,18150,21370,394,0.18297959263595998
3,18150,21370,395,0.22951297637360896
3,18150,21370,396,0.23474290427801076
3,18150,21370,397,0.11250255870630635
3,18150,21370,398,0.26437359563723617
3,18150,21370,399,0.2926346820774963
3,18150,21370,400,0.11777221679951824
3,18150,21370,401,0.21627823660631454
3,18150,21370,402,0.20320030097850533
3,18150,21370,403,0.21975383168321058
3,18150,21370,404,0.19543458834757568
3,18150,21370,405,0.23244490487646463
3,18150,21370,406,0.1364854929153067
3,18150,21370,407,0.20772132493225204
3,18150,21370,408,0.2736056232154696
3,18150,21370,409,0.27598703197789454
3,18150,21370,410,0.12802358074829517
3,18150,21370,411,0.22665220450871093
3,18150,21370,412,0.1527441753338858
3,18150,21370,413,0.20881293112921612
3,18150,21370,414,0.19238905641318946
3,18150,21370,415,0.13415952826988328
3,18150,21370,416,0.22118810544987955
3,18150,21370,417,0.2726305954722287
3,18150,21370,418,0.0848252986296352
3,18150,21370,419,0.2399796820894001
3,18150,21370,420,0.1207587666390447
3,18150,21370,421,0.09112020132972858
3,18150,21370,422,0.2266812327546099
3,18150,21370,423,0.2785128713520299
3,18150,21370,424,0.21568245718397894
3,18150,21370,425,0.16084083069925295
3,18150,21370,426,0.08039666915678584
3,18150,21370,427,0.16716618818397852
3,18150,21370,428,0.18500569633367342
3,18150,21370,429,0.19930021151516317
3,18150,21370,430,0.2856657240983896
3,18150,21370,431,0.23576507643393066
3,18150,21370,432,0.17806830793140735
3,18150,21370,433,0.036837769361302494
3,18150,21370,434,0.19534913459309505
3,18150,21370,435,0.2552197331957297
3,18150,21370,436,0.2879550099466689
3,18150,21370,437,0.2235720118652427
3,18150,21370,438,0.23364693330093966
3,18150,21370,439,0.1882990070744429
3,18150,21370,440,0.19517304632864702
3,18150,21370,441,0.18863457964867436
3,18150,21370,442,0.2925762546359807
3,18150,21370,443,0.23756149963734974
3,18150,21370,444,0.14581009522056051
3,18150,21370,445,0.11789056216071152
3,18150,21370,446,0.20172434900434338
3,18150,21370,447,0.21819185473043592
3,18150,21370,448,0.24851428171886017
3,18150,21370,449,0.24212988544129327
3,18150,21370,450,0.244263926656652
3,18150,21370,451,0.15091533815501987
3,18150,21370,452,0.14825763923998686
3,18150,21370,453,0.14273416076186865
3,18150,21370,454,0.1889322726588931
3,18150,21370,455,0.2779421970305667
3,18150,21370,456,0.09148648661799795
3,18150,21370,457,0.1902630537437168
3,18150,21370,458,0.19109749820545244
3,18150,21370,459,0.24503887510094807
3,18150,21370,460,0.17040096800720358
3,18150,21370,461,0.19226362406342323
3,18150,21370,462,0.2664230918270656
3,18150,21370,463,0.11139239078173681
3,18150,21370,464,0.17762695383699856
3,18150,21370,465,0.26565551418174965
3,18150,21370,466,0.30165297085761916
3,18150,21370,467,0.22777308519054332
3,18150,21370,468,0.33652739776405527
3,18150,21370,469,0.227379826339282
3,18150,21370,470,0.27149096858180666
3,18150,21370,471,0.22472073599694273
3,18150,21370,472,0.22676122711059557
3,18150,21370,473,0.22237337269139806
3,18150,21370,474,0.17400912892294815
3,18150,21370,475,0.192707501115166
3,18150,21370,476,0.2450937064885859
3,18150,21370,477,0.19724220597848657
3,18150,21370,478,0.1649614164430003
3,18150,21370,479,0.21430060557701686
3,18150,21370,480,0.30563825931137145
3,18150,21370,481,0.1615910538820949
3,18150,21370,482,0.18394147903654315
3,18150,21370,483,0.3033605268327308
3,18150,21370,484,0.20200237467662588
3,18150,21370,485,0.20293050850495997
3,18150,21370,486,0.2448351312215429
3,18150,21370,487,0.2553266788544601
3,18150,21370,488,0.2548218592011008
3,18150,21370,489,0.25481221403196735
3,18150,21370,490,0.204614978556838
3,18150,21370,491,0.18942646670114388
3,18150,21370,492,0.23101025813247408
3,18150,21370,493,0.21868080947543878
3,18150,21370,494,0.3192864668014673
3,18150,21370,495,0.17467138685632805
3,18150,21370,496,0.210958298939691
3,18150,21370,497,0.11436819009640645
3,18150,21370,498,0.23540704237455257
3,18150,21370,499,0.14164538130704996
3,18150,21370,500,0.16109200632439244
3,18150,21370,501,0.28712804422637633
3,18150,21370,502,0.25172770566838526
3,18150,21370,503,0.2788179066631098
3,18150,21370,504,0.21077150665462951
3,18150,21370,505,0.250702380367137
3,18150,21370,506,0.16320081069849945
3,18150,21370,507,0.26149872682034164
3,18150,21370,508,0.23756426666507352
3,18150,21370,509,0.1814965003359589
3,18150,21370,510,0.21947655567723878
3,18150,21370,511,0.20447868853432302
4,12604,21030,0,0.0656220246986578
4,12604,21030,1,0.08102935036977561
4,12604,21030,2,0.04966688823479768
4,12604,21030,3,0.10595240305207959
4,12604,21030,4,0.12899932521653248
4,12604,21030,5,0.11350540202608518
4,12604,21030,6,0.032889334991289404
4,12604,21030,7,0.09374203005020057
4,12604,21030,8,0.05160200843978397
4,12604,21030,9,0.07593925568256842
4,12604,21030,10,0.06502638753540543
4,12604,21030,11,0.05005094355866583
4,12604,21030,12,0.10029941788231297
4,12604,21030,13,0.0611909858993446
4,12604,21030,14,0.07311873242025306
4,12604,21030,15,0.0746475126972698
4,12604,21030,16,0.07050021639326774
4,12604,21030,17,0.09091763707832638
4,12604,21030,18,0.02017947119870927
4,12604,21030,19,0.10163523985743711
4,12604,21030,20,0.042114291133438765
4,12604,21030,21,0.02885059747948886
4,12604,21030,22,0.03510432591919593
4,12604,21030,23,0.02983110271616773
4,12604,21030,24,0.0990868613166895
4,12604,21030,25,0.10540338132901862
4,12604,21030,26,0.10689117115408323
4,12604,21030,27,0.12165528391491798
4,12604,21030,28,0.04214016287693737
4,12604,21030,29,0.10073920402673152
4,12604,21030,30,0.08989244647401404
4,12604,21030,31,0.08551413848476527
4,12604,21030,32,0.20786334666854844
4,12604,21030,33,0.09061072263795257
4,12604,21030,34,0.13947537417247324
4,12604,21030,35,0.06990858512095341
4,12604,21030,36,0.19042055673181152
4,12604,21030,37,0.0772293044450119
4,12604,21030,38,0.12174361274901485
4,12604,21030,39,0.1315469308192832
4,12604,21030,40,0.11079730223727649
4,12604,21030,41,0.14084858313778684
4,12604,21030,42,0.13057063835251212
4,12604,21030,43,0.11924816627274355
4,12604,21030,44,0.17343297997670998
4,12604,21030,45,0.11145394108136414
4,12604,21030,46,0.09967479550865713
4,12604,21030,47,0.17667697491545767
4,12604,21030,48,0.11787148422373953
4,12604,21030,49,0.18855840261485318
4,12604,21030,50,0.14713693891796292
4,12604,21030,51,0.1784299731230726
4,12604,21030,52,0.15050438070141936
4,12604,21030,53,0.23693337288890037
4,12604,21030,54,0.10913412896325542
4,12604,21030,55,0.1390112656296042
4,12604,21030,56,0.11625551802031939
4,12604,21030,57,0.18212829576500672
4,12604,21030,58,0.1246477522322596
4,12604,21030,59,0.2281464427805163
4,12604,21030,60,0.12912778757368146
4,12604,21030,61,0.14503285937146865
4,12604,21030,62,0.11489585479201313
4,12604,21030,63,0.1383702850581966
4,12604,21030,64,0.05671877747618096
4,12604,21030,65,0.17299995027745332
4,12604,21030,66,0.12743487674474166
4,12604,21030,67,0.2402330477454342
4,12604,21030,68,0.11021773388802569
4,12604,21030,69,0.1196556921570508
4,12604,21030,70,0.09327903900362605
4,12604,21030,71,0.26033499655258524
4,12604,21030,72,0.17665753141624435
4,12604,21030,73,0.025401991538620272
4,12604,21030,74,0.09237566652397514
4,12604,21030,75,0.16904602022935408
4,12604,21030,76,0.14837904194253465
4,12604,21030,77,0.13120524089614746
4,12604,21030,78,0.10038440216509549
4,12604,21030,79,0.08843974593481298
4,12604,21030,80,0.05507183912348489
4,12604,21030,81,0.11474751745437303
4,12604,21030,82,0.1332905330938514
4,12604,21030,83,0.1404945339623553
4,12604,21030,84,0.27770975895108807
4,12604,21030,85,0.1717791298773898
4,12604,21030,86,0.11304053886652006
4,12604,21030,87,0.11155009158145496
4,12604,21030,88,0.12529341701136115
4,12604,21030,89,0.06176820181274814
4,12604,21030,90,0.1442078794931974
4,12604,21030,91,0.14991682626411645
4,12604,21030,92,0.204230060432079
4,12604,21030,93,0.0606775242348037
4,12604,21030,94,0.07208310720193147
4,12604,21030,95,0.2258099405700525
4,12604,21030,96,0.1278784309950084
4,12604,21030,97,0.13111826620839379
4,12604,21030,98,0.17267119009530293
4,12604,21030,99,0.1487749050733374
4,12604,21030,100,0.1368127032954434
4,12604,21030,101,0.2590371046051898
4,12604,21030,102,0.13575256163876326
4,12604,21030,103,0.17297583196176128
4,12604,21030,104,0.172682026961009
4,12604,21030,105,0.15498987783952667
4,12604,21030,106,0.17484889947250593
4,12604,21030,107,0.21494788625634775
4,12604,21030,108,0.18911434713253958
4,12604,21030,109,0.17794418606342735
4,12604,21030,110,0.07904251468458894
4,12604,21030,111,0.20717189836524466
4,12604,21030,112,0.18114139753429795
4,12604,21030,113,0.13451007698275694
4,12604,21030,114,0.15464617286367202
4,12604,21030,115,0.10895619288529915
4,12604,21030,116,0.07309192029675575
4,12604,21030,117,0.20502274418372024
4,12604,21030,118,0.1558932678153549
4,12604,21030,119,0.19924555267438623
4,12604,21030,120,0.1554850962332049
4,12604,21030,121,0.19359383114158515
4,12604,21030,122,0.12216095330127373
4,12604,21030,123,0.1530061949430153
4,12604,21030,124,0.15659375873474846
4,12604,21030,125,0.23265951842710686
4,12604,21030,126,0.1250259260408094
4,12604,21030,127,0.2057961547208783
4,12604,21030,128,0.09481348016630095
4,12604,21030,129,0.10935505463472256
4,12604,21030,130,0.16778421773411742
4,12604,21030,131,0.21650830411171096
4,12604,21030,132,0.17426789017064906
4,12604,21030,133,0.08980721674975246
4,12604,21030,134,0.13324119735215706
4,12604,21030,135,0.05446798831079938
4,12604,21030,136,0.14830852654986007
4,12604,21030,137,0.07160762652019881
4,12604,21030,138,0.09369691461214379
4,12604,21030,139,0.032605390074518945
4,12604,21030,140,0.1489034402752579
4,12604,21030,141,0.10027807095274555
4,12604,21030,142,0.03811577187644404
4,12604,21030,143,0.0929346222066525
4,12604,21030,144,0.11367542852230765
4,12604,21030,145,0.03890777777042364
4,12604,21030,146,0.03020356318682406
4,12604,21030,147,0.17072493765454316
4,12604,21030,148,0.0671893403586114
4,12604,21030,149,0.07049623469678498
4,12604,21030,150,0.03322780930033918
4,12604,21030,151,0.018947884836782364
4,12604,21030,152,0.04271578508587082
4,12604,21030,153,0.04920957083832621
4,12604,21030,154,0.07765302920630189
4,12604,21030,155,0.04115723065833371
4,12604,21030,156,0.054441792693963126
4,12604,21030,157,0.016472801114388726
4,12604,21030,158,0.04435536038393266
4,12604,21030,159,0.06675685072700949
4,12604,21030,160,0.028158181661156488
4,12604,21030,161,0.11351123501124871
4,12604,21030,162,0.06913222184740649
4,12604,21030,163,0.028436360967340948
4,12604,21030,164,0.04840400949421127
4,12604,21030,165,0.06488870522163875
4,12604,21030,166,0.024466754910526398
4,12604,21030,167,0.07141680445992464
4,12604,21030,168,0.05474266341634503
4,12604,21030,169,0.027503221035352653
4,12604,21030,170,0.03280198753894064
4,12604,21030,171,0.09215369267961479
4,12604,21030,172,0.04270148452149679
4,12604,21030,173,0.062377385327068054
4,12604,21030,174,0.014776403150217882
4,12604,21030,175,0.0765208009406973
4,12604,21030,176,0.08861195465048062
4,12604,21030,177,0.056787096209815924
4,12604,21030,178,0.07661987752581594
4,12604,21030,179,0.0482535216422084
4,12604,21030,180,0.013634377837163016
4,12604,21030,181,0.03310022310798316
4,12604,21030,182,0.061957940458048685
4,12604,21030,183,0.04666868149228446
4,12604,21030,184,0.06830637893469943
4,12604,21030,185,0.010007736336413928
4,12604,21030,186,0.07167173661327055
4,12604,21030,187,0.06281027870322482
4,12604,21030,188,0.011707689128365353
4,12604,21030,189,0.08730787335513039
4,12604,21030,190,0.06383219322507612
4,12604,21030,191,0.10837711578420171
4,12604,21030,192,0.03840470545851279
4,12604,21030,193,0.052341326156309397
4,12604,21030,194,0.04035045567826527
4,12604,21030,195,0.02312007804704589
4,12604,21030,196,0.04765055545437377
4,12604,21030,197,0.09292844094287722
4,12604,21030,198,0.01530708755816219
4,12604,21030,199,0.08637560646125125
4,12604,21030,200,0.1070592680260745
4,12604,21030,201,0.029635393577396977
4,12604,21030,202,0.06939793291837155
4,12604,21030,203,0.022080792586589224
4,12604,21030,204,0.053701675321914964
4,12604,21030,205,0.028909153920832223
4,12604,21030,206,0.049199346532365414
4,12604,21030,207,0.13870246220329138
4,12604,21030,208,0.027737958062549004
4,12604,21030,209,0.14362219442930094
4,12604,21030,210,0.021269999211310432
4,12604,21030,211,0.053099008351838006
4,12604,21030,212,0.09601927939403694
4,12604,21030,213,0.039917980456516365
4,12604,21030,214,0.07143494420382901
4,12604,21030,215,0.029484933441208765
4,12604,21030,216,0.055363574765873384
4,12604,21030,217,0.10971753690489336
4,12604,21030,218,0.11149031006852285
4,12604,21030,219,0.12112230380590315
4,12604,21030,220,0.09760552941872173
4,12604,21030,221,0.009086369561402194
4,12604,21030,222,0.09096404819355794
4,12604,21030,223,0.11813779489200404
4,12604,21030,224,0.21848945950087667
4,12604,21030,225,0.09771338935745094
4,12604,21030,226,0.20582348831149702
4,12604,21030,227,0.13809780022973178
4,12604,21030,228,0.10969494977726385
4,12604,21030,229,0.08701996311706603
4,12604,21030,230,0.11831312282337687
4,12604,21030,231,0.09574428244179581
4,12604,21030,232,0.1073668263411669
4,12604,21030,233,0.12766019962103023
4,12604,21030,234,0.11884647419732451
4,12604,21030,235,0.1466512437181009
4,12604,21030,236,0.08889818939050285
4,12604,21030,237,0.11523965265356213
4,12604,21030,238,0.04994765942873854
4,12604,21030,239,0.22857340387941183
4,12604,21030,240,0.15974507901962678
4,12604,21030,241,0.14296677563811014
4,12604,21030,242,0.042599391989336904
4,12604,21030,243,0.13506026935692308
4,12604,21030,244,0.050408955360195996
4,12604,21030,245,0.12927750749230882
4,12604,21030,246,0.0844361516878643
4,12604,21030,247,0.09574820661662525
4,12604,21030,248,0.05069172839859601
4,12604,21030,249,0.12961642813975152
4,12604,21030,250,0.12920645575656042
4,12604,21030,251,0.07105393982942411
4,12604,21030,252,0.07847147714997856
4,12604,21030,253,0.14697959706838257
4,12604,21030,254,0.05818940537294626
4,12604,21030,255,0.1404889476609781
4,12604,21030,256,0.1704931152982599
4,12604,21030,257,0.05129347028933747
4,12604,21030,258,0.14152485806399373
4,12604,21030,259,0.07997615321420391
4,12604,21030,260,0.12059598102684292
4,12604,21030,261,0.12457267492132564
4,12604,21030,262,0.04975222120354714
4,12604,21030,263,0.0311904077127875
4,12604,21030,264,0.11553186211369096
4,12604,21030,265,0.12712214151601048
4,12604,21030,266,0.0466946921766515
4,12604,21030,267,0.057101737246531364
4,12604,21030,268,0.06922722454710546
4,12604,21030,269,0.09204829330481958
4,12604,21030,270,0.06924047733008942
4,12604,21030,271,0.09264651021081347
4,12604,21030,272,0.06054741879239254
4,12604,21030,273,0.07526102814535124
4,12604,21030,274,0.0921553620043487
4,12604,21030,275,0.10049188090498437
4,12604,21030,276,0.07234874759604125
4,12604,21030,277,0.04958660567627477
4,12604,21030,278,0.14475541362386157
4,12604,21030,279,0.1367321116368893
4,12604,21030,280,0.06488833200476497
4,12604,21030,281,0.10290104550762724
4,12604,21030,282,0.05470719261899489
4,12604,21030,283,0.0636524686728583
4,12604,21030,284,0.06577231842848219
4,12604,21030,285,0.13417300648195818
4,12604,21030,286,0.09855829979596108
4,12604,21030,287,0.05145527218711169
4,12604,21030,288,0.060909564897238644
4,12604,21030,289,0.1745956349477228
4,12604,21030,290,0.05409691133990655
4,12604,21030,291,0.07600759851220769
4,12604,21030,292,0.01639979668551133
4,12604,21030,293,0.01160028568405274
4,12604,21030,294,0.08930437602384947
4,12604,21030,295,0.05619079208529905
4,12604,21030,296,0.04565225662192786
4,12604,21030,297,0.1229396477341212
4,12604,21030,298,0.15056422100448244
4,12604,21030,299,0.1386961558770918
4,12604,21030,300,0.07087094438303633
4,12604,21030,301,0.12780068713463966
4,12604,21030,302,0.06864297723767229
4,12604,21030,303,0.08559982220347861
4,12604,21030,304,0.12128625940139587
4,12604,21030,305,0.18401715241346803
4,12604,21030,306,0.07650424518215865
4,12604,21030,307,0.1315863003897501
4,12604,21030,308,0.12214833432422226
4,12604,21030,309,0.06246025717733678
4,12604,21030,310,0.11638288295090835
4,12604,21030,311,0.1796505189701443
4,12604,21030,312,0.08438842486159966
4,12604,21030,313,0.08259485053787756
4,12604,21030,314,0.1307732050860136
4,12604,21030,315,0.05745752976014782
4,12604,21030,316,0.0941348188468735
4,12604,21030,317,0.08498413849677577
4,12604,21030,318,0.06462487582751518
4,12604,21030,319,0.027712361795313233
4,12604,21030,320,0.08595797470565425
4,12604,21030,321,0.07487722829445172
4,12604,21030,322,0.11791096577920204
4,12604,21030,323,0.08079065733810295
4,12604,21030,324,0.03556589076254054
4,12604,21030,325,0.02428906445163298
4,12604,21030,326,0.06239211360019248
4,12604,21030,327,0.022582226997013143
4,12604,21030,328,0.05458450579473676
4,12604,21030,329,0.03889063392996866
4,12604,21030,330,0.031931979240888066
4,12604,21030,331,0.07725312273773458
4,12604,21030,332,0.08254863316492271
4,12604,21030,333,0.025820514326461926
4,12604,21030,334,0.035219466601959314
4,12604,21030,335,0.027638925340471188
4,12604,21030,336,0.08721036474729425
4,12604,21030,337,0.0386739380741847
4,12604,21030,338,0.0718053190090148
4,12604,21030,339,0.045198576655088855
4,12604,21030,340,0.12150494585838824
4,12604,21030,341,0.035595038681175487
4,12604,21030,342,0.06747968945265617
4,12604,21030,343,0.07750250028670257
4,12604,21030,344,0.12312973286033034
4,12604,21030,345,0.09644584186447079
4,12604,21030,346,0.037414173750862825
4,12604,21030,347,0.07679103108094568
4,12604,21030,348,0.17981179705517178
4,12604,21030,349,0.1005676391800015
4,12604,21030,350,0.13609847851233012
4,12604,21030,351,0.09892708000307303
4,12604,21030,352,0.10901825546368019
4,12604,21030,353,0.14109071265696235
4,12604,21030,354,0.07488818403080857
4,12604,21030,355,0.04051270199423128
4,12604,21030,356,0.14635954994686529
4,12604,21030,357,0.1733189221658415
4,12604,21030,358,0.062030649969372104
4,12604,21030,359,0.18150089652961046
4,12604,21030,360,0.10230997785939278
4,12604,21030,361,0.06028346074496432
4,12604,21030,362,0.06489739471766141
4,12604,21030,363,0.08997227783462777
4,12604,21030,364,0.08545927358878205
4,12604,21030,365,0.1680770717661962
4,12604,21030,366,0.050538132886327
4,12604,21030,367,0.10915424746487083
4,12604,21030,368,0.1380982807648735
4,12604,21030,369,0.08491081374290356
4,12604,21030,370,0.18174033247396054
4,12604,21030,371,0.1683147401186175
4,12604,21030,372,0.0731099597191726
4,12604,21030,373,0.18332628416134333
4,12604,21030,374,0.16115802620657235
4,12604,21030,375,0.2161960817251755
4,12604,21030,376,0.13055800249936653
4,12604,21030,377,0.10193720695289613
4,12604,21030,378,0.10681495438056464
4,12604,21030,379,0.07885959332497998
4,12604,21030,380,0.2366609214081441
4,12604,21030,381,0.09184263785156022
4,12604,21030,382,0.16676019836602998
4,12604,21030,383,0.07378717899685139
4,12604,21030,384,0.19423991464877122
4,12604,21030,385,0.07881309272151307
4,12604,21030,386,0.16621618502241
4,12604,21030,387,0.12225024823584674
4,12604,21030,388,0.17765109039012703
4,12604,21030,389,0.07216103653057357
4,12604,21030,390,0.17963366195572192
4,12604,21030,391,0.1519433497715143
4,12604,21030,392,0.14101547730345443
4,12604,21030,393,0.09109177913328848
4,12604,21030,394,0.05266153189053283
4,12604,21030,395,0.11227306532637209
4,12604,21030,396,0.1760241058541221
4,12604,21030,397,0.21880397135848773
4,12604,21030,398,0.2188089822914249
4,12604,21030,399,0.1038711843766148
4,12604,21030,400,0.04099525763813165
4,12604,21030,401,0.10620482838541359
4,12604,21030,402,0.07278421362547824
4,12604,21030,403,0.1266507948979201
4,12604,21030,404,0.13076151291973728
4,12604,21030,405,0.10838871904335601
4,12604,21030,406,0.11905377108087381
4,12604,21030,407,0.11677711778982597
4,12604,21030,408,0.08673213373983574
4,12604,21030,409,0.1616621934826757
4,12604,21030,410,0.20590033620332307
4,12604,21030,411,0.19131070368731595
4,12604,21030,412,0.13193237449792075
4,12604,21030,413,0.19988122352207663
4,12604,21030,414,0.20781171748831148
4,12604,21030,415,0.19345322776981394
4,12604,21030,416,0.0908593540729283
4,12604,21030,417,0.024498969470682346
4,12604,21030,418,0.15966963540734708
4,12604,21030,419,0.2381226792854514
4,12604,21030,420,0.1522932928838522
4,12604,21030,421,0.22251841839760797
4,12604,21030,422,0.10520715263340173
4,12604,21030,423,0.14710789382614803
4,12604,21030,424,0.16214461785575984
4,12604,21030,425,0.13054487517342825
4,12604,21030,426,0.05165118164464577
4,12604,21030,427,0.17113590307606
4,12604,21030,428,0.2242140017380841
4,12604,21030,429,0.20870176503999185
4,12604,21030,430,0.2213600450905919
4,12604,21030,431,0.048145860427292124
4,12604,21030,432,0.24832551400993824
4,12604,21030,433,0.26851813444234623
4,12604,21030,434,0.1941665466306551
4,12604,21030,435,0.1635120037445025
4,12604,21030,436,0.19131951012416712
4,12604,21030,437,0.14297865900007373
4,12604,21030,438,0.22339109212510622
4,12604,21030,439,0.21145740426406878
4,12604,21030,440,0.09603126736983288
4,12604,21030,441,0.11529456159497774
4,12604,21030,442,0.12957565701028037
4,12604,21030,443,0.06504655528830645
4,12604,21030,444,0.2749038971569878
4,12604,21030,445,0.15156503294382814
4,12604,21030,446,0.09361472524402648
4,12604,21030,447,0.22520663968185073
4,12604,21030,448,0.07846958446468141
4,12604,21030,449,0.15054857251751716
4,12604,21030,450,0.2617191842363946
4,12604,21030,451,0.18290271208674405
4,12604,21030,452,0.18141378218838536
4,12604,21030,453,0.14437007813629357
4,12604,21030,454,0.18807645669471287
4,12604,21030,455,0.18984079284500757
4,12604,21030,456,0.15244935566750578
4,12604,21030,457,0.10246339122939116
4,12604,21030,458,0.29217090888502895
4,12604,21030,459,0.24778385429988384
4,12604,21030,460,0.19879277336687418
4,12604,21030,461,0.07442370068449829
4,12604,21030,462,0.13883662320843174
4,12604,21030,463,0.2502229236458922
4,12604,21030,464,0.21470920112353714
4,12604,21030,465,0.22462671835023235
4,12604,21030,466,0.1986915498753591
4,12604,21030,467,0.2367132156981544
4,12604,21030,468,0.1765705145930332
4,12604,21030,469,0.2713159258971791
4,12604,21030,470,0.20391951020987847
4,12604,21030,471,0.2236541424738169
4,12604,21030,472,0.14013172376632838
4,12604,21030,473,0.19070126269483434
4,12604,21030,474,0.20115155749054048
4,12604,21030,475,0.1899916149019613
4,12604,21030,476,0.22768010901081717
4,12604,21030,477,0.12867259103728776
4,12604,21030,478,0.20390314965618433
4,12604,21030,479,0.044797336888711896
4,12604,21030,480,0.2684900529269403
4,12604,21030,481,0.2234126072560164
4,12604,21030,482,0.24295174051947008
4,12604,21030,483,0.2080222295843732
4,12604,21030,484,0.19588678607196414
4,12604,21030,485,0.18873550281677753
4,12604,21030,486,0.21066955334802634
4,12604,21030,487,0.2054667817195596
4,12604,21030,488,0.24963108380750082
4,12604,21030,489,0.2864252073852853
4,12604,21030,490,0.152794481580646
4,12604,21030,491,0.14967300704047176
4,12604,21030,492,0.23732752227733164
4,12604,21030,493,0.2030039950088909
4,12604,21030,494,0.23155870163368122
4,12604,21030,495,0.19198031997075357
4,12604,21030,496,0.21163600220526688
4,12604,21030,497,0.2015315842908822
4,12604,21030,498,0.16738827681012178
4,12604,21030,499,0.22812940563000442
4,12604,21030,500,0.24944567438488052
4,12604,21030,501,0.2763736867981215
4,12604,21030,502,0.22775655602849793
4,12604,21030,503,0.20428705080110388
4,12604,21030,504,0.2279729847226275
4,12604,21030,505,0.19803589473412062
4,12604,21030,506,0.19203838220895045
4,12604,21030,507,0.195796100325168
4,12604,21030,508,0.10710805919931607
4,12604,21030,509,0.13777211627547745
4,12604,21030,510,0.23166092513029263
4,12604,21030,511,0.19263317889352877
5,14295,23946,0,0.06336998532946593
5,14295,23946,1,0.11551333646231304
5,14295,23946,2,0.13979920631431278
5,14295,23946,3,0.13622260196516742
5,14295,23946,4,0.07391193942780427
5,14295,23946,5,0.20012509214970448
5,14295,23946,6,0.09667674686441426
5,14295,23946,7,0.06310085631726475
5,14295,23946,8,0.13906120509598008
5,14295,23946,9,0.1256988755103888
5,14295,23946,10,0.20679731023115958
5,14295,23946,11,0.1597133829215638
5,14295,23946,12,0.09897637741148156
5,14295,23946,13,0.06753507662346954
5,14295,23946,14,0.09165504331926554
5,14295,23946,15,0.0554399656087014
5,14295,23946,16,0.06700119171476304
5,14295,23946,17,0.11691071436374147
5,14295,23946,18,0.08499965722603135
5,14295,23946,19,0.039644404572694934
5,14295,23946,20,0.19275355491437135
5,14295,23946,21,0.13013705880581022
5,14295,23946,22,0.08260059640139748
5,14295,23946,23,0.1999485034278079
5,14295,23946,24,0.10441993125681669
5,14295,23946,25,0.07956920550820655
5,14295,23946,26,0.09705825950664831
5,14295,23946,27,0.08748743178244317
5,14295,23946,28,0.18770880847310595
5,14295,23946,29,0.04945430417808787
5,14295,23946,30,0.019870621529273935
5,14295,23946,31,0.26866666669441214
5,14295,23946,32,0.05769812891593778
5,14295,23946,33,0.08216089456698862
5,14295,23946,34,0.10039520440010781
5,14295,23946,35,0.06205260592681177
5,14295,23946,36,0.11957274935781598
5,14295,23946,37,0.13293325972799797
5,14295,23946,38,0.061415457049166365
5,14295,23946,39,0.11831313930125772
5,14295,23946,40,0.14321776514087028
5,14295,23946,41,0.04439882640141651
5,14295,23946,42,0.12608985181742136
5,14295,23946,43,0.12085902287826729
5,14295,23946,44,0.04143886023024561
5,14295,23946,45,0.0443395191613506
5,14295,23946,46,0.08815153335315745
5,14295,23946,47,0.07752419378733644
5,14295,23946,48,0.10906937265927391
5,14295,23946,49,0.042891948670570876
5,14295,23946,50,0.05190590304176616
5,14295,23946,51,0.04081688213989947
5,14295,23946,52,0.09503004149099681
5,14295,23946,53,0.09799047573043836
5,14295,23946,54,0.050111866029105105
5,14295,23946,55,0.1030441152881451
5,14295,23946,56,0.1121939731087773
5,14295,23946,57,0.1045766097960603
5,14295,23946,58,0.08004105400705681
5,14295,23946,59,0.05453121780857618
5,14295,23946,60,0.09468332579400224
5,14295,23946,61,0.07458148848567069
5,14295,23946,62,0.0803319689138129
5,14295,23946,63,0.07234089883220737
5,14295,23946,64,0.07518715034816126
5,14295,23946,65,0.10779828978826686
5,14295,23946,66,0.08025241432473867
5,14295,23946,67,0.09843087026164928
5,14295,23946,68,0.11603806084343819
5,14295,23946,69,0.027016189123029853
5,14295,23946,70,0.11026326165624553
5,14295,23946,71,0.07675205422645957
5,14295,23946,72,0.0857145938792772
5,14295,23946,73,0.196013670166995
5,14295,23946,74,0.07836819256354846
5,14295,23946,75,0.07972891702335436
5,14295,23946,76,0.09962376512896598
5,14295,23946,77,0.14043618655383563
5,14295,23946,78,0.20150680906710983
5,14295,23946,79,0.16880150325594376
5,14295,23946,80,0.23400819002781167
5,14295,23946,81,0.12382011062380453
5,14295,23946,82,0.14203989724045757
5,14295,23946,83,0.0869211752279803
5,14295,23946,84,0.1410805096654887
5,14295,23946,85,0.08336172979314456
5,14295,23946,86,0.23463313180690618
5,14295,23946,87,0.20365194559008293
5,14295,23946,88,0.26219514012122386
5,14295,23946,89,0.1691282720525528
5,14295,23946,90,0.22852409597271175
5,14295,23946,91,0.1717183281366081
5,14295,23946,92,0.2049355457117391
5,14295,23946,93,0.09638901523482866
5,14295,23946,94,0.1964985592332826
5,14295,23946,95,0.167178402508166
5,14295,23946,96,0.09485536047094983
5,14295,23946,97,0.16419110460948932
5,14295,23946,98,0.17505165159427977
5,14295,23946,99,0.14792370805204802
5,14295,23946,100,0.10008380123516569
5,14295,23946,101,0.16188911570537032
5,14295,23946,102,0.10066293165926327
5,14295,23946,103,0.12350188003565364
5,14295,23946,104,0.12893782909667065
5,14295,23946,105,0.07769613211481237
5,14295,23946,106,0.046072277681945994
5,14295,23946,107,0.18765658726985682
5,14295,23946,108,0.10883269852296171
5,14295,23946,109,0.16552341880502147
5,14295,23946,110,0.12554238706677018
5,14295,23946,111,0.11525996459942307
5,14295,23946,112,0.09593736426773575
5,14295,23946,113,0.10215707113007455
5,14295,23946,114,0.17152764556268824
5,14295,23946,115,0.1262726803812088
5,14295,23946,116,0.16647638220105254
5,14295,23946,117,0.25737200001108973
5,14295,23946,118,0.17577605571343466
5,14295,23946,119,0.09671777039554795
5,14295,23946,120,0.12757492492552058
5,14295,23946,121,0.1400805517392745
5,14295,23946,122,0.10699007232175323
5,14295,23946,123,0.16703075416368532
5,14295,23946,124,0.19530234845157451
5,14295,23946,125,0.16279969310949038
5,14295,23946,126,0.06428997413286389
5,14295,23946,127,0.10585267189246955
5,14295,23946,128,0.148228228856989
5,14295,23946,129,0.13925578629662186
5,14295,23946,130,0.1268782496175175
5,14295,23946,131,0.08972973109012153
5,14295,23946,132,0.11225661193633249
5,14295,23946,133,0.07330156787407413
5,14295,23946,134,0.1281398533279237
5,14295,23946,135,0.12278420078971897
5,14295,23946,136,0.11778186636163705
5,14295,23946,137,0.16089000403010742
5,14295,23946,138,0.10513749471599546
5,14295,23946,139,0.0488207896440964
5,14295,23946,140,0.08078049914867103
5,14295,23946,141,0.0649138428141966
5,14295,23946,142,0.03828993325386233
5,14295,23946,143,0.10912705059848213
5,14295,23946,144,0.04792490445585148
5,14295,23946,145,0.07870886692027186
5,14295,23946,146,0.05931533639135295
5,14295,23946,147,0.036638884152573506
5,14295,23946,148,0.037650216020229006
5,14295,23946,149,0.08063929914620428
5,14295,23946,150,0.057096055606335225
5,14295,23946,151,0.07128299102910343
5,14295,23946,152,0.012418167674405567
5,14295,23946,153,0.10017995230218688
5,14295,23946,154,0.03502795666010326
5,14295,23946,155,0.04319549460782078
5,14295,23946,156,0.14014924550117713
5,14295,23946,157,0.034550906186914095
5,14295,23946,158,0.024211335338924667
5,14295,23946,159,0.03932589025802341
5,14295,23946,160,0.03253756986022435
5,14295,23946,161,0.04323615603001207
5,14295,23946,162,0.10967636542156779
5,14295,23946,163,0.10705946452208591
5,14295,23946,164,0.04908783705862619
5,14295,23946,165,0.015675100612712156
5,14295,23946,166,0.044303899014563254
5,14295,23946,167,0.10403925003563709
5,14295,23946,168,0.032340821854345905
5,14295,23946,169,0.03809288491636614
5,14295,23946,170,0.03572621539278143
5,14295,23946,171,0.023649607491515668
5,14295,23946,172,0.04681980719559935
5,14295,23946,173,0.05885397091891067
5,14295,23946,174,0.049784393693772515
5,14295,23946,175,0.04824108753066957
5,14295,23946,176,0.06628169970505413
5,14295,23946,177,0.031105094667745522
5,14295,23946,178,0.04168295935471884
5,14295,23946,179,0.056771199234167555
5,14295,23946,180,0.04229234089505265
5,14295,23946,181,0.05230259199669436
5,14295,23946,182,0.07843975993848605
5,14295,23946,183,0.029028389222082826
5,14295,23946,184,0.04935257355198547
5,14295,23946,185,0.03460262695459187
5,14295,23946,186,0.0789135501594679
5,14295,23946,187,0.09963647221699072
5,14295,23946,188,0.050601457370948594
5,14295,23946,189,0.015442535826919956
5,14295,23946,190,0.02838850854673648
5,14295,23946,191,0.01676345990996629
5,14295,23946,192,0.08180427563510749
5,14295,23946,193,0.035096446673808276
5,14295,23946,194,0.023209016054173626
5,14295,23946,195,0.08551158199873247
5,14295,23946,196,0.09369968444403337
5,14295,23946,197,0.07101884059242267
5,14295,23946,198,0.04797103651117511
5,14295,23946,199,0.10337234014438598
5,14295,23946,200,0.035253367518571554
5,14295,23946,201,0.027114754866913872
5,14295,23946,202,0.04865924084829605
5,14295,23946,203,0.10245904705376352
5,14295,23946,204,0.10062672153292346
5,14295,23946,205,0.02865420734544742
5,14295,23946,206,0.14182744320740964
5,14295,23946,207,0.057332726879625484
5,14295,23946,208,0.067583941951324
5,14295,23946,209,0.031436831288208705
5,14295,23946,210,0.13681849040513597
5,14295,23946,211,0.06595070143365295
5,14295,23946,212,0.07583822399823589
5,14295,23946,213,0.07806984897677957
5,14295,23946,214,0.09641446811898584
5,14295,23946,215,0.14303229480529278
5,14295,23946,216,0.08278175673180241
5,14295,23946,217,0.10580071686094945
5,14295,23946,218,0.06581555321016778
5,14295,23946,219,0.045016560558903844
5,14295,23946,220,0.0645822326061559
5,14295,23946,221,0.06619860863227701
5,14295,23946,222,0.02100292311717071
5,14295,23946,223,0.10003219401842704
5,14295,23946,224,0.039648190369575495
5,14295,23946,225,0.03285705777430134
5,14295,23946,226,0.059143134573058406
5,14295,23946,227,0.04404845159320735
5,14295,23946,228,0.0340877920754824
5,14295,23946,229,0.06973843755290308
5,14295,23946,230,0.04434325412139315
5,14295,23946,231,0.10362720081806844
5,14295,23946,232,0.025716835680087403
5,14295,23946,233,0.023689437108760897
5,14295,23946,234,0.04665946346943615
5,14295,23946,235,0.02794104015001488
5,14295,23946,236,0.0453839431619592
5,14295,23946,237,0.022985708296191374
5,14295,23946,238,0.052981963462518725
5,14295,23946,239,0.06914192416683715
5,14295,23946,240,0.035649286522598286
5,14295,23946,241,0.036084757210483875
5,14295,23946,242,0.013343147027277548
5,14295,23946,243,0.059647501903541005
5,14295,23946,244,0.041113541199636075
5,14295,23946,245,0.08171587889148645
5,14295,23946,246,0.17161892286799563
5,14295,23946,247,0.05848178797509142
5,14295,23946,248,0.05603258219156571
5,14295,23946,249,0.07086773633493981
5,14295,23946,250,0.04898804275366423
5,14295,23946,251,0.15967020548738106
5,14295,23946,252,0.21449933544409627
5,14295,23946,253,0.15059401285848706
5,14295,23946,254,0.12040303073219073
5,14295,23946,255,0.1088587731863086
5,14295,23946,256,0.038629071550558794
5,14295,23946,257,0.11206223062067423
5,14295,23946,258,0.05528893690547285
5,14295,23946,259,0.1401690003542131
5,14295,23946,260,0.15116997703300045
5,14295,23946,261,0.06936369408410101
5,14295,23946,262,0.13186386078543577
5,14295,23946,263,0.06752704014691796
5,14295,23946,264,0.2665436601070931
5,14295,23946,265,0.1289780833763906
5,14295,23946,266,0.04731360034577592
5,14295,23946,267,0.08631812290055567
5,14295,23946,268,0.12364523918708763
5,14295,23946,269,0.04706476370331193
5,14295,23946,270,0.13182221778912245
5,14295,23946,271,0.06752001022119324
5,14295,23946,272,0.12061814580670444
5,14295,23946,273,0.14029459656557872
5,14295,23946,274,0.09798582925705919
5,14295,23946,275,0.04803335624404832
5,14295,23946,276,0.2392836879660511
5,14295,23946,277,0.17653013474549012
5,14295,23946,278,0.17415786467115096
5,14295,23946,279,0.017395087927113695
5,14295,23946,280,0.11493624616735763
5,14295,23946,281,0.2110270362732029
5,14295,23946,282,0.16393268759990465
5,14295,23946,283,0.045695786712358966
5,14295,23946,284,0.030578025104259287
5,14295,23946,285,0.08459194970174413
5,14295,23946,286,0.1627960267125008
5,14295,23946,287,0.0272209125739085
5,14295,23946,288,0.1926259497696695
5,14295,23946,289,0.16773360332765458
5,14295,23946,290,0.1595912432752575
5,14295,23946,291,0.11284575868216601
5,14295,23946,292,0.05051857750305882
5,14295,23946,293,0.1291976092098533
5,14295,23946,294,0.2227458831779835
5,14295,23946,295,0.1870340528670907
5,14295,23946,296,0.1630804539067539
5,14295,23946,297,0.14001723369838187
5,14295,23946,298,0.14105523239973075
5,14295,23946,299,0.16089159155876273
5,14295,23946,300,0.16067322926503091
5,14295,23946,301,0.10149907898525301
5,14295,23946,302,0.18479381367073267
5,14295,23946,303,0.21516474073570455
5,14295,23946,304,0.1337668951613647
5,14295,23946,305,0.09766453028584605
5,14295,23946,306,0.010294701581860438
5,14295,23946,307,0.07045851721673793
5,14295,23946,308,0.1161724797635477
5,14295,23946,309,0.013998077247663202
5,14295,23946,310,0.02844660366984487
5,14295,23946,311,0.09426612132068274
5,14295,23946,312,0.1841701124161936
5,14295,23946,313,0.14228039369825618
5,14295,23946,314,0.11850110568123523
5,14295,23946,315,0.20629334809673747
5,14295,23946,316,0.2096021492476317
5,14295,23946,317,0.11867035444478849
5,14295,23946,318,0.21440690259647172
5,14295,23946,319,0.08815956253069761
5,14295,23946,320,0.17163809745237396
5,14295,23946,321,0.12432503682093257
5,14295,23946,322,0.17154955275766587
5,14295,23946,323,0.1047394759611102
5,14295,23946,324,0.0660642574093627
5,14295,23946,325,0.18337114996007173
5,14295,23946,326,0.01339085122008605
5,14295,23946,327,0.07241619376884165
5,14295,23946,328,0.09109934406201005
5,14295,23946,329,0.13870868890902338
5,14295,23946,330,0.18682973173435147
5,14295,23946,331,0.13397816391608863
5,14295,23946,332,0.08611872614602284
5,14295,23946,333,0.11794122067051002
5,14295,23946,334,0.18273123618022713
5,14295,23946,335,0.11649491771161118
5,14295,23946,336,0.07967312484462646
5,14295,23946,337,0.08352348298913814
5,14295,23946,338,0.08520272404977507
5,14295,23946,339,0.16127655189506143
5,14295,23946,340,0.16373692608529372
5,14295,23946,341,0.15161092258127393
5,14295,23946,342,0.10798762765935616
5,14295,23946,343,0.14107500908108428
5,14295,23946,344,0.1726613739243252
5,14295,23946,345,0.14139493804868825
5,14295,23946,346,0.13776264374728625
5,14295,23946,347,0.21945155607956265
5,14295,23946,348,0.07269316780488588
5,14295,23946,349,0.13269570141508807
5,14295,23946,350,0.11437574425090323
5,14295,23946,351,0.10918508538209035
5,14295,23946,352,0.1558107287572346
5,14295,23946,353,0.0980892417387721
5,14295,23946,354,0.1630268671482438
5,14295,23946,355,0.15839923011273202
5,14295,23946,356,0.10917285635121673
5,14295,23946,357,0.1027989725420542
5,14295,23946,358,0.059452026006152195
5,14295,23946,359,0.09173013206576246
5,14295,23946,360,0.13410095386766477
5,14295,23946,361,0.1324022478381158
5,14295,23946,362,0.1108582455740597
5,14295,23946,363,0.13629915511692942
5,14295,23946,364,0.1780821363472568
5,14295,23946,365,0.16022719390044501
5,14295,23946,366,0.22207954328752247
5,14295,23946,367,0.13393653321227622
5,14295,23946,368,0.17372221847272049
5,14295,23946,369,0.11171608217573435
5,14295,23946,370,0.1513495324210508
5,14295,23946,371,0.043994174155805615
5,14295,23946,372,0.2380438595264818
5,14295,23946,373,0.11854384386108298
5,14295,23946,374,0.1536352487253673
5,14295,23946,375,0.1477144178607606
5,14295,23946,376,0.1482822287461186
5,14295,23946,377,0.18348450165226557
5,14295,23946,378,0.23848454092320787
5,14295,23946,379,0.19548408881461243
5,14295,23946,380,0.14657684878726732
5,14295,23946,381,0.1445696890289391
5,14295,23946,382,0.054479238251763124
5,14295,23946,383,0.12273817605572857
5,14295,23946,384,0.13445039938172848
5,14295,23946,385,0.15871543085665893
5,14295,23946,386,0.08581063307475428
5,14295,23946,387,0.18067796647680842
5,14295,23946,388,0.1334723912737755
5,14295,23946,389,0.18295185979388404
5,14295,23946,390,0.2892856918267014
5,14295,23946,391,0.1701245958539127
5,14295,23946,392,0.11483755106162
5,14295,23946,393,0.07828324103556214
5,14295,23946,394,0.11827352210620563
5,14295,23946,395,0.13661364281842855
5,14295,23946,396,0.15375702637574915
5,14295,23946,397,0.14147344716494759
5,14295,23946,398,0.18222087930959238
5,14295,23946,399,0.07778461996872138
5,14295,23946,400,0.23659113922365319
5,14295,23946,401,0.11089429381431071
5,14295,23946,402,0.15399352896458834
5,14295,23946,403,0.1330366452318607
5,14295,23946,404,0.21201493993088202
5,14295,23946,405,0.1633604081955246
5,14295,23946,406,0.14148780564593336
5,14295,23946,407,0.08645084393962689
5,14295,23946,408,0.1704844314558493
5,14295,23946,409,0.14943918912099466
5,14295,23946,410,0.08376888223121313
5,14295,23946,411,0.1036130778825994
5,14295,23946,412,0.08603673247322755
5,14295,23946,413,0.11663215793378234
5,14295,23946,414,0.13697981967143197
5,14295,23946,415,0.11761939244192085
5,14295,23946,416,0.12161620555065839
5,14295,23946,417,0.19426584772578037
5,14295,23946,418,0.02418565643904753
5,14295,23946,419,0.19413096656799456
5,14295,23946,420,0.16790505890974392
5,14295,23946,421,0.1538551096629151
5,14295,23946,422,0.16525158757598576
5,14295,23946,423,0.1990672246039546
5,14295,23946,424,0.1127179849871385
5,14295,23946,425,0.13037602858348707
5,14295,23946,426,0.16105499129786016
5,14295,23946,427,0.07408567366741736
5,14295,23946,428,0.10056251627957896
5,14295,23946,429,0.15717328845849993
5,14295,23946,430,0.17562301728448648
5,14295,23946,431,0.12932754516404962
5,14295,23946,432,0.07720352946141597
5,14295,23946,433,0.10489643610649052
5,14295,23946,434,0.15039427831929128
5,14295,23946,435,0.14025377124827443
5,14295,23946,436,0.10556914216053682
5,14295,23946,437,0.13845222010070438
5,14295,23946,438,0.08321699863066633
5,14295,23946,439,0.05593609104201485
5,14295,23946,440,0.09268217936319229
5,14295,23946,441,0.23103017279719051
5,14295,23946,442,0.19088788502725587
5,14295,23946,443,0.11822348615831342
5,14295,23946,444,0.13473285560966883
5,14295,23946,445,0.04726136065867553
5,14295,23946,446,0.09480822557017851
5,14295,23946,447,0.12941876414188092
5,14295,23946,448,0.15282029767514102
5,14295,23946,449,0.09200089309564985
5,14295,23946,450,0.04829758805470362
5,14295,23946,451,0.14403300065677624
5,14295,23946,452,0.1497945101856335
5,14295,23946,453,0.1215179190585043
5,14295,23946,454,0.1440408269126933
5,14295,23946,455,0.08520833504461506
5,14295,23946,456,0.13716665222438568
5,14295,23946,457,0.17394718045228028
5,14295,23946,458,0.13227267524140535
5,14295,23946,459,0.16572162778859414
5,14295,23946,460,0.05383327734643678
5,14295,23946,461,0.24110364686685118
5,14295,23946,462,0.08420563285775562
5,14295,23946,463,0.15079130713491376
5,14295,23946,464,0.0938759948783028
5,14295,23946,465,0.1380228211024407
5,14295,23946,466,0.10245532005295702
5,14295,23946,467,0.17001926827724737
5,14295,23946,468,0.16206234968830402
5,14295,23946,469,0.2057074654132544
5,14295,23946,470,0.16750345212985404
5,14295,23946,471,0.10377324446507447
5,14295,23946,472,0.2941439203646906
5,14295,23946,473,0.15658685235098127
5,14295,23946,474,0.13595455730759848
5,14295,23946,475,0.1274436885681887
5,14295,23946,476,0.12799400099335356
5,14295,23946,477,0.14842707422498785
5,14295,23946,478,0.12070083016131457
5,14295,23946,479,0.16317924657910474
5,14295,23946,480,0.08026612782271235
5,14295,23946,481,0.12760938874335995
5,14295,23946,482,0.1960533142557166
5,14295,23946,483,0.13740212696372753
5,14295,23946,484,0.15173632782357116
5,14295,23946,485,0.044537453724433684
5,14295,23946,486,0.08961990758250385
5,14295,23946,487,0.07800997641976586
5,14295,23946,488,0.13224664134738218
5,14295,23946,489,0.1101614519219284
5,14295,23946,490,0.17995009861488614
5,14295,23946,491,0.12328859043196724
5,14295,23946,492,0.18687626587506598
5,14295,23946,493,0.1479307419016647
5,14295,23946,494,0.127167227495133
5,14295,23946,495,0.048268053891881706
5,14295,23946,496,0.23509142759569018
5,14295,23946,497,0.14155566000682937
5,14295,23946,498,0.03660807516930033
5,14295,23946,499,0.19293493356694932
5,14295,23946,500,0.1313132756887764
5,14295,23946,501,0.017093611768547387
5,14295,23946,502,0.11131708738986056
5,14295,23946,503,0.14735692804486158
5,14295,23946,504,0.18927180990708298
5,14295,23946,505,0.18605438860469117
5,14295,23946,506,0.15490851449552492
5,14295,23946,507,0.1061727931548298
5,14295,23946,508,0.09506945445265891
5,14295,23946,509,0.14945051739299267
5,14295,23946,510,0.02242118348705072
5,14295,23946,511,0.14540049949288456
