update,cycle,active_n,transitions_per_arm,tokens_per_arm,shared_success,specialist_success,shared_loss,specialist_loss,shared_gradient_norm,specialist_gradient_norm,sample_replay_logp_max_error,prefix_replay_max_error,masked_probability_mass_max,elapsed_seconds
1,1,3,512,1536,0.0,0.0,-0.012800469063222408,-0.012800469063222408,0.02039453014731407,0.02039453014731407,0.0,0.0,0.0,1.9172266000023228
2,1,4,1024,3584,0.0,0.0,-0.015286141075193882,-0.01520787924528122,0.019792992621660233,0.023766178637742996,0.0,0.0,0.0,4.2828333000070415
3,1,6,1536,6656,0.0,0.0,-0.0186349768191576,-0.018472842872142792,0.018460601568222046,0.02754189632833004,0.0,0.0,0.0,8.791129600002023
4,1,5,2048,9216,0.0,0.0,-0.016986697912216187,-0.01678585074841976,0.012700185179710388,0.02541082352399826,0.0,0.0,0.0,12.295375000001513
5,1,2,2560,10240,0.0,0.0,-0.010446073487401009,-0.010294587351381779,0.0056274086236953735,0.018750421702861786,0.0,0.0,0.0,13.729785600000469
6,2,6,3072,13312,0.0,0.0,-0.018740076571702957,-0.01856033317744732,0.005624827928841114,0.023075830191373825,0.0,0.0,0.0,17.67330100000254
7,2,2,3584,14336,0.0,0.0,-0.010445001535117626,-0.0103617487475276,0.002751327818259597,0.015314347110688686,0.0,0.0,0.0,19.625076700001955
8,2,3,4096,15872,0.0,0.0,-0.012954714708030224,-0.012867976911365986,0.0038181350100785494,0.01657511293888092,0.0,0.0,0.0,22.25119000000268
9,2,5,4608,18432,0.0,0.0,-0.01701466180384159,-0.016874779015779495,0.004970514681190252,0.021014327183365822,0.0,0.0,0.0,25.88921180000034
10,2,4,5120,20480,0.0,0.0,-0.015407138504087925,-0.01528614666312933,0.006246898323297501,0.01976446993649006,0.0,0.0,0.0,28.893777400000545
11,3,5,5632,23040,0.0,0.0,-0.016988618299365044,-0.01694396883249283,0.008536173962056637,0.016467662528157234,0.0,0.0,0.0,32.51578150000569
12,3,2,6144,24064,0.0,0.0,-0.010388183407485485,-0.010403062216937542,0.008203609846532345,0.011962720192968845,0.0,0.0,0.0,34.26299460000155
13,3,3,6656,25600,0.0,0.0,-0.012920263223350048,-0.012914348393678665,0.00893369596451521,0.013201890513300896,0.0,0.0,0.0,37.2799651000023
14,3,6,7168,28672,0.0,0.0,-0.01870735175907612,-0.018627911806106567,0.008413161151111126,0.018859826028347015,0.0,0.0,0.0,41.88496120000491
15,3,4,7680,30720,0.0,0.0,-0.01540407259017229,-0.015348939225077629,0.007407072000205517,0.01586916297674179,0.0,0.0,0.0,44.345571500001824
16,4,4,8192,32768,0.0,0.0,-0.01541194785386324,-0.015393282286822796,0.00667510274797678,0.012095270678400993,0.0,0.0,0.0,47.029834600005415
17,4,5,8704,35328,0.0,0.0,-0.01701819896697998,-0.016986314207315445,0.005985158495604992,0.012734301388263702,0.0,0.0,0.0,50.59271890000673
18,4,3,9216,36864,0.0,0.0,-0.01295990590006113,-0.012952419929206371,0.00532882334664464,0.009346957318484783,0.0,0.0,0.0,52.96919670000352
19,4,2,9728,37888,0.0,0.0,-0.010447092354297638,-0.0104280486702919,0.004064156673848629,0.00916864350438118,0.0,0.0,0.0,54.67251329999999
20,4,6,10240,40960,0.0,0.0,-0.018748585134744644,-0.0186892319470644,0.002224271884188056,0.013943430036306381,0.0,0.0,0.0,58.486513300005754
21,5,2,10752,41984,0.0,0.0,-0.01046439167112112,-0.010444399900734425,0.0008976543322205544,0.006560792215168476,0.0,0.0,0.0,59.99225630000001
22,5,6,11264,45056,0.0,0.0,-0.01875440403819084,-0.01872091367840767,0.0016660395776852965,0.010015676729381084,0.0,0.0,0.0,63.50876040000003
23,5,3,11776,46592,0.0,0.0,-0.012989322654902935,-0.012971852906048298,0.002600675681605935,0.006198038347065449,0.0,0.0,0.0,65.74918460000481
24,5,5,12288,49152,0.0,0.0,-0.01704471744596958,-0.017019789665937424,0.003073266940191388,0.008340379223227501,0.0,0.0,0.0,69.61294310000085
25,5,4,12800,51200,0.0,0.0,-0.015446950681507587,-0.015423442237079144,0.004219674039632082,0.008261682465672493,0.0,0.0,0.0,72.27088590000494
26,6,4,13312,53248,0.0,0.0,-0.015446007251739502,-0.015437942929565907,0.004086770117282867,0.004591932520270348,0.0,0.0,0.0,74.69988620000368
27,6,5,13824,55808,0.0,0.0,-0.01704256795346737,-0.017035525292158127,0.003926892299205065,0.004532093182206154,0.0,0.0,0.0,78.02692510000634
28,6,3,14336,57344,0.0,0.0,-0.012988684698939323,-0.012978751212358475,0.003848521737381816,0.0034714355133473873,0.0,0.0,0.0,80.1157966000028
29,6,2,14848,58368,0.0,0.0,-0.010467044077813625,-0.010450217872858047,0.0035897791385650635,0.0031757026445120573,0.0,0.0,0.0,81.57283270000335
30,6,6,15360,61440,0.0,0.0,-0.018749965354800224,-0.01874127797782421,0.0044514150358736515,0.005735644605010748,0.0,0.0,0.0,85.08651080000709
31,7,2,15872,62464,0.0,0.0,-0.010470724664628506,-0.010445952415466309,0.0028724628500640392,0.0016085697570815682,0.0,0.0,0.0,86.86509150000347
32,7,4,16384,64512,0.0,0.0,-0.015449034981429577,-0.015440642833709717,0.0035170940682291985,0.0022182855755090714,0.0,0.0,0.0,90.0473684000026
33,7,6,16896,67584,0.0,0.0,-0.018755095079541206,-0.018747050315141678,0.0024467704351991415,0.0020975214429199696,0.0,0.0,0.0,94.80263660000492
34,7,3,17408,69120,0.0,0.0,-0.012991262599825859,-0.012975665740668774,0.001160399871878326,0.001459543826058507,0.0,0.0,0.0,97.68263030000526
35,7,5,17920,71680,0.0,0.0,-0.017047684639692307,-0.01703435182571411,0.001161685329861939,0.001412999932654202,0.0,0.0,0.0,101.97159870000178
36,8,4,18432,73728,0.0,0.0,-0.015451881103217602,-0.015430105850100517,0.0007554499316029251,0.0020499315578490496,0.0,0.0,0.0,104.55186200000026
37,8,6,18944,76800,0.0,0.0,-0.018756413832306862,-0.018742892891168594,0.0014497978845611215,0.001829278888180852,0.0,0.0,0.0,108.55190830000356
38,8,3,19456,78336,0.0,0.0,-0.01298946887254715,-0.01296286005526781,0.0030829545576125383,0.0034818246494978666,0.0,0.0,0.0,110.72055550000368
39,8,2,19968,79360,0.0,0.0,-0.010469774715602398,-0.010436197742819786,0.0034076464362442493,0.0037898675072938204,0.0,0.0,0.0,112.31886690000101
40,8,5,20480,81920,0.0,0.0,-0.01704428344964981,-0.017024604603648186,0.003215844975784421,0.0028248706366866827,0.0,0.0,0.0,115.430506100005
41,9,5,20992,84480,0.0,0.0,-0.017045162618160248,-0.017019158229231834,0.002564519876614213,0.004684814251959324,0.0,0.0,0.0,119.0322410000008
42,9,3,21504,86016,0.0,0.0,-0.012990281917154789,-0.01295517385005951,0.0024420320987701416,0.0048521049320697784,0.0,0.0,0.0,120.94104450000304
43,9,2,22016,87040,0.0,0.0,-0.010471226647496223,-0.010427595116198063,0.0027203087229281664,0.004205771721899509,0.0,0.0,0.0,122.44712360000267
44,9,6,22528,90112,0.0,0.0,-0.018754424527287483,-0.018718861043453217,0.0021170522086322308,0.0054772295989096165,0.0,0.0,0.0,126.20524890000524
45,9,4,23040,92160,0.0,0.0,-0.015449819155037403,-0.015405603684484959,0.0021812610793858767,0.005147578194737434,0.0,0.0,0.0,129.32870230000117
46,10,2,23552,93184,0.0,0.0,-0.010472393594682217,-0.010409854352474213,0.0019573308527469635,0.006204817444086075,0.0,0.0,0.0,131.03271130000212
47,10,5,24064,95744,0.0,0.0,-0.017047278583049774,-0.016997065395116806,0.0016281958669424057,0.007194649428129196,0.0,0.0,0.0,133.97843300000386
48,10,6,24576,98816,0.0,0.0,-0.018756205216050148,-0.018702249974012375,0.001683302572928369,0.007717536762356758,0.0,0.0,0.0,137.60691840000072
49,10,4,25088,100864,0.0,0.0,-0.015451944433152676,-0.015399303287267685,0.003480712417513132,0.006772106047719717,0.0,0.0,0.0,140.88035700000182
50,10,3,25600,102400,0.0,0.0,-0.01299266517162323,-0.012944928370416164,0.002653819043189287,0.006037965416908264,0.0,0.0,0.0,143.57669810000516
51,11,6,26112,105472,0.0,0.0,-0.018755275756120682,-0.01870366372168064,0.0014999865088611841,0.008488450199365616,0.0,0.0,0.0,148.44803000000684
52,11,4,26624,107520,0.0,0.0,-0.015450502745807171,-0.015386554412543774,0.0016931064892560244,0.007792518008500338,0.0,0.0,0.0,152.5992641000048
53,11,2,27136,108544,0.0,0.0,-0.010474306531250477,-0.01040443405508995,0.003903064876794815,0.0070841992273926735,0.0,0.0,0.0,153.9864688000016
54,11,5,27648,111104,0.0,0.0,-0.01704719290137291,-0.016980106011033058,0.0016019230242818594,0.008955227211117744,0.0,0.0,0.0,158.10747160000028
55,11,3,28160,112640,0.0,0.0,-0.012992600910365582,-0.012926328927278519,0.001823927741497755,0.007985931821167469,0.0,0.0,0.0,160.67066710000654
56,12,3,28672,114176,0.0,0.0,-0.012992514297366142,-0.012915700674057007,0.005142279900610447,0.008683106862008572,0.0,0.0,0.0,162.89309700000013
57,12,4,29184,116224,0.0,0.0,-0.015450341627001762,-0.015388567000627518,0.0019327959744259715,0.008293265476822853,0.0,0.0,0.0,166.47163790000195
58,12,2,29696,117248,0.0,0.0,-0.010473709553480148,-0.010409864597022533,0.004456410184502602,0.006816075649112463,0.0,0.0,0.0,168.69736450000346
59,12,5,30208,119808,0.0,0.0,-0.017045898362994194,-0.016986332833766937,0.004330664407461882,0.00907705444842577,0.0,0.0,0.0,172.14831250000134
60,12,6,30720,122880,0.0,0.0,-0.01875494234263897,-0.01868506893515587,0.004290004726499319,0.010230901651084423,0.0,0.0,0.0,175.89590620000672
61,13,6,31232,125952,0.0,0.0,-0.018754206597805023,-0.018680090084671974,0.0025521887000650167,0.010585714131593704,0.0,0.0,0.0,180.15327020000404
62,13,4,31744,128000,0.0,0.0,-0.015450085513293743,-0.015391706489026546,0.004479550756514072,0.008307754062116146,0.0,0.0,0.0,182.81416910000553
63,13,3,32256,129536,0.0,0.0,-0.012989926151931286,-0.012930797412991524,0.00417091092094779,0.007855670526623726,0.0,0.0,0.0,184.75088840000535
64,13,2,32768,130560,0.0,0.0,-0.010473106987774372,-0.01040255930274725,0.004973155912011862,0.007442259695380926,0.0,0.0,0.0,186.66650570000638
65,13,5,33280,133120,0.0,0.0,-0.017042987048625946,-0.016983140259981155,0.0031769126653671265,0.009444307535886765,0.0,0.0,0.0,191.02558020000288
66,14,5,33792,135680,0.0,0.0,-0.017042070627212524,-0.016984112560749054,0.00298613915219903,0.009382248856127262,0.0,0.0,0.0,194.00825590000022
67,14,3,34304,137216,0.0,0.0,-0.012987875379621983,-0.012932327575981617,0.006142100784927607,0.007735994644463062,0.0,0.0,0.0,195.8621878000049
68,14,4,34816,139264,0.0,0.0,-0.01544744148850441,-0.015374203212559223,0.0021697906777262688,0.009446644224226475,0.0,0.0,0.0,198.74193320000632
69,14,2,35328,140288,0.0,0.0,-0.010469784960150719,-0.010410486720502377,0.006102835293859243,0.0067001027055084705,0.0,0.0,0.0,200.38392900000326
70,14,6,35840,143360,0.0,0.0,-0.018747836351394653,-0.01868545636534691,0.00429508276283741,0.010374434292316437,0.0,0.0,0.0,203.73182140000426
71,15,4,36352,145408,0.0,0.0,-0.015444382093846798,-0.01538647711277008,0.010282439179718494,0.00876687467098236,0.0,0.0,0.0,207.08209800000623
72,15,6,36864,148480,0.0,0.0,-0.018745414912700653,-0.018685244023799896,0.0017892279429361224,0.010270103812217712,0.0,0.0,0.0,211.12809760000528
73,15,3,37376,150016,0.0,0.0,-0.012982446700334549,-0.012942119501531124,0.004509745631366968,0.007221837993711233,0.0,0.0,0.0,213.14995150000323
74,15,5,37888,152576,0.0,0.0,-0.01703380048274994,-0.016992542892694473,0.00652496749535203,0.008603006601333618,0.0,0.0,0.0,216.91117290000693
75,15,2,38400,153600,0.0,0.0,-0.010465335100889206,-0.010419785976409912,0.01626478135585785,0.0066184489987790585,0.0,0.0,0.0,219.15279650000593
76,16,3,38912,155136,0.0,0.0,-0.012979071587324142,-0.012951943092048168,0.006520627066493034,0.006220683455467224,0.0,0.0,0.0,221.4097339
77,16,6,39424,158208,0.0,0.0,-0.018735406920313835,-0.018712950870394707,0.009589152410626411,0.00816032662987709,0.0,0.0,0.0,224.56927350000478
78,16,5,39936,160768,0.0,0.0,-0.017025813460350037,-0.01699758879840374,0.007079332135617733,0.007926123216748238,0.0,0.0,0.0,228.07832580000104
79,16,4,40448,162816,0.0,0.0,-0.01542997919023037,-0.015392717905342579,0.0026217238046228886,0.007941405288875103,0.0,0.0,0.0,230.8706927000021
80,16,2,40960,163840,0.0,0.0,-0.010455811396241188,-0.01042897254228592,0.01489446684718132,0.005518315825611353,0.0,0.0,0.0,232.3511637000047
81,17,6,41472,166912,0.0,0.0,-0.018720129504799843,-0.018721358850598335,0.00721713388338685,0.007263778708875179,0.0,0.0,0.0,237.27231700000266
82,17,4,41984,168960,0.0,0.0,-0.01541887316852808,-0.015408993698656559,0.007800557650625706,0.0066866460256278515,0.0,0.0,0.0,240.47947410000052
83,17,3,42496,170496,0.0,0.0,-0.0129556218162179,-0.012967653572559357,0.006359238177537918,0.00541763287037611,0.0,0.0,0.0,242.76845570000296
84,17,5,43008,173056,0.0,0.0,-0.01699790544807911,-0.017009373754262924,0.00442270515486598,0.006827345117926598,0.0,0.0,0.0,246.59427580000192
85,17,2,43520,174080,0.0,0.0,-0.010436383076012135,-0.010450313799083233,0.01238663773983717,0.0037047015503048897,0.0,0.0,0.0,248.83265110000502
86,18,6,44032,177152,0.0,0.0,-0.018690072000026703,-0.01872360333800316,0.006528469268232584,0.006303281988948584,0.0,0.0,0.0,253.2378003000049
87,18,5,44544,179712,0.0,0.0,-0.01697646640241146,-0.017021367326378822,0.004089392255991697,0.005540808197110891,0.0,0.0,0.0,256.17403190000186
88,18,4,45056,181760,0.0,0.0,-0.015381828881800175,-0.015425245277583599,0.003474558936432004,0.004924428183585405,0.0,0.0,0.0,259.1563440000027
89,18,3,45568,183296,0.0,0.0,-0.012916592881083488,-0.012971180491149426,0.016750937327742577,0.0039093755185604095,0.0,0.0,0.0,261.6789491000018
90,18,2,46080,184320,0.0,0.0,-0.010411874391138554,-0.010452215559780598,0.029637403786182404,0.0033920910209417343,0.0,0.0,0.0,263.32317790000525
91,19,6,46592,187392,0.0,0.0,-0.018643710762262344,-0.018731364980340004,0.0021417036186903715,0.005125523544847965,0.0,0.0,0.0,267.23599939999986
92,19,3,47104,188928,0.0,0.0,-0.012884313240647316,-0.012980355881154537,0.012461738660931587,0.002225623233243823,0.0,0.0,0.0,269.4902271000028
93,19,4,47616,190976,0.0,0.0,-0.015327615663409233,-0.01543199922889471,0.011466455645859241,0.0037766301538795233,0.0,0.0,0.0,271.5707485000021
94,19,5,48128,193536,0.0,0.0,-0.016890766099095345,-0.01703287661075592,0.006497857626527548,0.003543678903952241,0.0,0.0,0.0,274.1335093000016
95,19,2,48640,194560,0.0,0.0,-0.010351299308240414,-0.010453621856868267,0.020877575501799583,0.0031918506138026714,0.0,0.0,0.0,275.6971007000029
96,20,5,49152,197120,0.0,0.0,-0.016846366226673126,-0.017039304599165916,0.007071665022522211,0.002364574233070016,0.0,0.0,0.0,279.5695814000064
97,20,4,49664,199168,0.0,0.0,-0.015256752260029316,-0.015437701717019081,0.0061918082647025585,0.002807403216138482,0.0,0.0,0.0,282.02392300000065
98,20,6,50176,202240,0.0,0.0,-0.0185086652636528,-0.01874501444399357,0.004387293942272663,0.002881857566535473,0.0,0.0,0.0,285.00405350000074
99,20,3,50688,203776,0.0,0.0,-0.012769891880452633,-0.01298611145466566,0.010048476047813892,0.0014344757655635476,0.0,0.0,0.0,287.02595520000614
100,20,2,51200,204800,0.0,0.0,-0.010287764482200146,-0.01046737376600504,0.037347156554460526,0.0014009375590831041,0.0,0.0,0.0,288.7204065000042
101,21,3,51712,206336,0.0,0.0,-0.012739083729684353,-0.012989393435418606,0.013480070047080517,0.0012495514238253236,0.0,0.0,0.0,290.4618651000055
102,21,6,52224,209408,0.0,0.0,-0.01842029020190239,-0.018748290836811066,0.014510400593280792,0.001737296348437667,0.0,0.0,0.0,294.047178300003
103,21,5,52736,211968,0.0,0.0,-0.01670905575156212,-0.017043426632881165,0.01432669535279274,0.0009774680947884917,0.0,0.0,0.0,298.03919529999985
104,21,4,53248,214016,0.0,0.0,-0.01510897558182478,-0.015443074516952038,0.022772254422307014,0.0017540904227644205,0.0,0.0,0.0,301.6121596000012
105,21,2,53760,215040,0.0,0.0,-0.010201795026659966,-0.010468689724802971,0.028950940817594528,0.002330266172066331,0.0,0.0,0.0,303.3683328000043
106,22,2,54272,216064,0.0,0.0,-0.010165704414248466,-0.010470233857631683,0.04105444252490997,0.002975401235744357,0.0,0.0,0.0,305.35932650000177
107,22,6,54784,219136,0.0,0.0,-0.0183078832924366,-0.018751325085759163,0.02183174528181553,0.001262184581719339,0.0,0.0,0.0,310.7095582000038
108,22,3,55296,220672,0.0,0.0,-0.012579170055687428,-0.012989499606192112,0.009898767806589603,0.0017034373013302684,0.0,0.0,0.0,313.1239357000013
109,22,4,55808,222720,0.0,0.0,-0.014957304112613201,-0.015449299477040768,0.04947139322757721,0.0014595286920666695,0.0,0.0,0.0,315.90419570000086
110,22,5,56320,225280,0.0,0.0,-0.01648052968084812,-0.01704384945333004,0.009674914181232452,0.0012416054960340261,0.0,0.0,0.0,319.5272124000039
111,23,5,56832,227840,0.0,0.0,-0.01643143966794014,-0.01704423315823078,0.021776439622044563,0.0027495152316987514,0.0,0.0,0.0,322.2898029000062
112,23,4,57344,229888,0.0,0.0,-0.014818993397057056,-0.01544759701937437,0.014459498226642609,0.0019158661598339677,0.0,0.0,0.0,324.74973560000217
113,23,3,57856,231424,0.0,0.0,-0.012319670990109444,-0.012988749891519547,0.020252615213394165,0.002590314717963338,0.0,0.0,0.0,327.1703742000027
114,23,2,58368,232448,0.0,0.0,-0.009813991375267506,-0.010469667613506317,0.04534285143017769,0.002803514478728175,0.0,0.0,0.0,328.9099107000002
115,23,6,58880,235520,0.0,0.0,-0.017831601202487946,-0.018753841519355774,0.012762563303112984,0.0019890780095010996,0.0,0.0,0.0,332.0336938000037
116,24,6,59392,238592,0.0,0.0,-0.017743926495313644,-0.01875319704413414,0.01991564780473709,0.002444286597892642,0.0,0.0,0.0,335.41321180000523
117,24,2,59904,239616,0.0,0.0,-0.009589524939656258,-0.010468880645930767,0.03178310766816139,0.0031109205447137356,0.0,0.0,0.0,337.36201840000285
118,24,3,60416,241152,0.0,0.0,-0.011997450143098831,-0.012987762689590454,0.01834222860634327,0.0037340393755584955,0.0,0.0,0.0,339.8408284000034
119,24,4,60928,243200,0.0,0.0,-0.014398536644876003,-0.015449149534106255,0.012833066284656525,0.0027405605651438236,0.0,0.0,0.0,342.33834480000223
120,24,5,61440,245760,0.0,0.0,-0.015910053625702858,-0.017043448984622955,0.02087969332933426,0.002888084389269352,0.0,0.0,0.0,345.03733760000614
121,25,3,61952,247296,0.0,0.0,-0.011882836930453777,-0.012987724505364895,0.02471502497792244,0.003608012106269598,0.0,0.0,0.0,347.07829470000434
122,25,6,62464,250368,0.0,0.0,-0.01744149811565876,-0.018751299008727074,0.01612657867372036,0.003921061288565397,0.0,0.0,0.0,350.6754318000021
123,25,4,62976,252416,0.0,0.0,-0.014281529933214188,-0.015447717159986496,0.03229580447077751,0.003824290120974183,0.0,0.0,0.0,353.03423920000205
124,25,2,63488,253440,0.0,0.0,-0.009407893754541874,-0.010469482280313969,0.04438722878694534,0.003002502955496311,0.0,0.0,0.0,354.754563100003
125,25,5,64000,256000,0.0,0.0,-0.015809429809451103,-0.017043165862560272,0.03731359541416168,0.004103381652384996,0.0,0.0,0.0,358.71757010000147
126,26,4,64512,258048,0.0,0.0,-0.014290587045252323,-0.015446043573319912,0.006484732497483492,0.004057837650179863,0.0,0.0,0.0,361.8994873000047
127,26,2,65024,259072,0.0,0.0,-0.00938316248357296,-0.010467256419360638,0.07214313000440598,0.00355979660525918,0.0,0.0,0.0,363.63379390000046
128,26,6,65536,262144,0.0,0.0,-0.017385482788085938,-0.01874973252415657,0.025023486465215683,0.004500650800764561,0.0,0.0,0.0,369.1637627000018
129,26,5,66048,264704,0.0,0.0,-0.01573115959763527,-0.01704133115708828,0.017163528129458427,0.00452042231336236,0.0,0.0,0.0,372.65318310000293
130,26,3,66560,266240,0.0,0.0,-0.0117778480052948,-0.012985668145120144,0.020520472899079323,0.003908516839146614,0.0,0.0,0.0,374.6931612000044
131,27,2,67072,267264,0.0,0.0,-0.0093157347291708,-0.010467423126101494,0.060701750218868256,0.004247815813869238,0.0,0.0,0.0,376.22898200000054
132,27,5,67584,269824,0.0,0.0,-0.015709852799773216,-0.01704195700585842,0.028429560363292694,0.004275953862816095,0.0,0.0,0.0,379.25571290000516
133,27,4,68096,271872,0.0,0.0,-0.01408451795578003,-0.015444252640008926,0.017332332208752632,0.004549686796963215,0.0,0.0,0.0,381.3677226
134,27,6,68608,274944,0.0,0.0,-0.017240559682250023,-0.018748681992292404,0.019639842212200165,0.0050149355083703995,0.0,0.0,0.0,384.43338040000526
135,27,3,69120,276480,0.0,0.0,-0.011671735905110836,-0.012985148467123508,0.02465667575597763,0.004248180892318487,0.0,0.0,0.0,386.24362930000643
136,28,6,69632,279552,0.0,0.0,-0.01716628670692444,-0.018748369067907333,0.041593998670578,0.005041599273681641,0.0,0.0,0.0,390.55130860000645
137,28,2,70144,280576,0.0,0.0,-0.0091264508664608,-0.0104684978723526,0.04825751110911369,0.0039193821139633656,0.0,0.0,0.0,392.3877364
138,28,4,70656,282624,0.0,0.0,-0.014011587016284466,-0.015445346012711525,0.04671312868595123,0.0043206363916397095,0.0,0.0,0.0,395.2094212000011
139,28,3,71168,284160,0.0,0.0,-0.011560291983187199,-0.012986429035663605,0.02777521125972271,0.003737637773156166,0.0,0.0,0.0,398.04339180000534
140,28,5,71680,286720,0.0,0.0,-0.015427112579345703,-0.01704208180308342,0.02148800902068615,0.00417178263887763,0.0,0.0,0.0,401.32402020000154
141,29,2,72192,287744,0.0,0.0,-0.008929215371608734,-0.010471816174685955,0.04365402087569237,0.0034182125236839056,0.0,0.0,0.0,402.6430373000039
142,29,5,72704,290304,0.0,0.0,-0.01532797422260046,-0.01704278588294983,0.02020937018096447,0.0037129875272512436,0.0,0.0,0.0,405.25920990000304
143,29,3,73216,291840,0.0,0.0,-0.011325615458190441,-0.012988618575036526,0.037295758724212646,0.0033225067891180515,0.0,0.0,0.0,407.18814620000194
144,29,4,73728,293888,0.0,0.0,-0.013584532774984837,-0.015446031466126442,0.014991668984293938,0.004523265175521374,0.0,0.0,0.0,409.40862830000697
145,29,6,74240,296960,0.0,0.0,-0.01669149287045002,-0.018748803064227104,0.031880661845207214,0.005286066327244043,0.0,0.0,0.0,412.57288900000276
146,30,3,74752,298496,0.0,0.0,-0.011088715866208076,-0.012990349903702736,0.09344328194856644,0.003168742870911956,0.0,0.0,0.0,414.3340118000051
147,30,2,75264,299520,0.0,0.0,-0.008415499702095985,-0.010471323505043983,0.03460590913891792,0.002937938319519162,0.0,0.0,0.0,415.7553496000037
148,30,5,75776,302080,0.0,0.0,-0.01487659476697445,-0.017042098566889763,0.02445860393345356,0.004046180285513401,0.0,0.0,0.0,419.2836852000037
149,30,4,76288,304128,0.0,0.0,-0.013167419470846653,-0.015446402132511139,0.00903636310249567,0.0039260508492589,0.0,0.0,0.0,422.8205240000025
150,30,6,76800,307200,0.0,0.0,-0.01620606519281864,-0.01875060610473156,0.01740647852420807,0.0041635059751570225,0.0,0.0,0.0,427.87871010000526
151,31,5,77312,309760,0.0,0.0,-0.014614674262702465,-0.01704423315823078,0.014174840413033962,0.003276025876402855,0.0,0.0,0.0,432.10425030000624
152,31,2,77824,310784,0.0,0.0,-0.007756655104458332,-0.010473638772964478,0.06849385052919388,0.0022731663193553686,0.0,0.0,0.0,433.7676791000049
153,31,3,78336,312320,0.0,0.0,-0.010626411065459251,-0.012989578768610954,0.07646741718053818,0.002777775749564171,0.0,0.0,0.0,435.855516100004
154,31,6,78848,315392,0.0,0.0,-0.015925055369734764,-0.0187515988945961,0.025314029306173325,0.0038092336617410183,0.0,0.0,0.0,440.0905791000041
155,31,4,79360,317440,0.0,0.0,-0.012744120322167873,-0.015449322760105133,0.03849347308278084,0.003400077112019062,0.0,0.0,0.0,442.3639756000048
156,32,2,79872,318464,0.0,0.0,-0.007448829710483551,-0.010473991744220257,0.09526417404413223,0.0018255497561767697,0.0,0.0,0.0,443.68952960000024
157,32,5,80384,321024,0.0,0.0,-0.014332428574562073,-0.017045430839061737,0.018614042550325394,0.003035003086552024,0.0,0.0,0.0,447.3204044000013
158,32,4,80896,323072,0.0,0.0,-0.012579625472426414,-0.015449952334165573,0.06261851638555527,0.002610523719340563,0.0,0.0,0.0,450.10864080000465
159,32,3,81408,324608,0.0,0.0,-0.010415316559374332,-0.012991983443498611,0.023835623636841774,0.0018663827795535326,0.0,0.0,0.0,451.9921635999999
160,32,6,81920,327680,0.0,0.0,-0.015764843672513962,-0.01875247247517109,0.03480646014213562,0.0035836203023791313,0.0,0.0,0.0,455.23986700000387
161,33,3,82432,329216,0.0,0.0,-0.010384418070316315,-0.012992125004529953,0.03761998564004898,0.002630828879773617,0.0,0.0,0.0,457.8419864000025
162,33,6,82944,332288,0.0,0.0,-0.015574255958199501,-0.018754174932837486,0.036578040570020676,0.002570859156548977,0.0,0.0,0.0,461.89298890000646
163,33,2,83456,333312,0.0,0.0,-0.0071051958948373795,-0.010474219918251038,0.09430540353059769,0.0030372878536581993,0.0,0.0,0.0,463.3220766000013
164,33,4,83968,335360,0.0,0.0,-0.012351305224001408,-0.015450673177838326,0.03448057547211647,0.0026645108591765165,0.0,0.0,0.0,465.777336500003
165,33,5,84480,337920,0.0,0.0,-0.013981197960674763,-0.01704666204750538,0.04473847895860672,0.0018918938003480434,0.0,0.0,0.0,469.2958354000002
166,34,5,84992,340480,0.0,0.0,-0.013913015834987164,-0.017046742141246796,0.018203919753432274,0.0010248946491628885,0.0,0.0,0.0,472.0684715000025
167,34,6,85504,343552,0.0,0.0,-0.01523368526250124,-0.018755365163087845,0.031401317566633224,0.0021841709967702627,0.0,0.0,0.0,475.10487439999997
168,34,2,86016,344576,0.0,0.0,-0.006509110797196627,-0.010473749600350857,0.032304804772138596,0.002762502757832408,0.0,0.0,0.0,476.73907780000445
169,34,4,86528,346624,0.0,0.0,-0.01201226469129324,-0.015452170744538307,0.03153254836797714,0.001235168892890215,0.0,0.0,0.0,479.55902760000026
170,34,3,87040,348160,0.0,0.0,-0.009883896447718143,-0.012992659583687782,0.027857782319188118,0.0025458168238401413,0.0,0.0,0.0,481.3309853000028
171,35,3,87552,349696,0.0,0.0,-0.009819299913942814,-0.012991485185921192,0.044925566762685776,0.002269244519993663,0.0,0.0,0.0,483.02572150000196
172,35,2,88064,350720,0.0,0.0,-0.006298890337347984,-0.01047293096780777,0.07038162648677826,0.0012046737829223275,0.0,0.0,0.0,484.8455294000014
173,35,4,88576,352768,0.0,0.0,-0.01172147411853075,-0.015451867133378983,0.03675159811973572,0.0018322046380490065,0.0,0.0,0.0,489.23137910000514
174,35,6,89088,355840,0.0,0.0,-0.014931227080523968,-0.01875593326985836,0.04291900247335434,0.0016858376329764724,0.0,0.0,0.0,494.2576390000031
175,35,5,89600,358400,0.0,0.0,-0.013451620005071163,-0.017047768458724022,0.019541993737220764,0.0013707430334761739,0.0,0.0,0.0,497.80612980000296
176,36,5,90112,360960,0.0,0.0,-0.013527908362448215,-0.01704695262014866,0.017362160608172417,0.0015146264340728521,0.0,0.0,0.0,501.0664171000026
177,36,3,90624,362496,0.0,0.0,-0.009496448561549187,-0.012992057017982006,0.03990214318037033,0.0013302366714924574,0.0,0.0,0.0,503.44640410000284
178,36,6,91136,365568,0.0,0.0,-0.014592121355235577,-0.018755316734313965,0.02066236548125744,0.0012511225650087,0.0,0.0,0.0,507.054361100003
179,36,4,91648,367616,0.0,0.0,-0.011303364299237728,-0.015450981445610523,0.0385260172188282,0.0009537317091599107,0.0,0.0,0.0,509.9431893000001
180,36,2,92160,368640,0.0,0.0,-0.005273875314742327,-0.010472867637872696,0.03873920440673828,0.0026259315200150013,0.0,0.0,0.0,511.8196578000061
181,37,3,92672,370176,0.0,0.0,-0.009199566207826138,-0.012991403229534626,0.03606187552213669,0.0023911308962851763,0.0,0.0,0.0,513.932710000001
182,37,2,93184,371200,0.0,0.0,-0.005006765015423298,-0.010472871363162994,0.08282287418842316,0.002554967300966382,0.0,0.0,0.0,515.7359326000005
183,37,4,93696,373248,0.0,0.0,-0.010929887183010578,-0.015450375154614449,0.0321480892598629,0.0022990379948168993,0.0,0.0,0.0,518.8401212000026
184,37,5,94208,375808,0.0,0.0,-0.012847472913563251,-0.017047198489308357,0.027825888246297836,0.0007851897389627993,0.0,0.0,0.0,521.9259181000016
185,37,6,94720,378880,0.0,0.0,-0.013971202075481415,-0.01875496655702591,0.039399705827236176,0.001811423571780324,0.0,0.0,0.0,524.9718203000011
186,38,6,95232,381952,0.0,0.0,-0.01399485394358635,-0.018754543736577034,0.014934752136468887,0.0025443588383495808,0.0,0.0,0.0,528.1275216000067
187,38,5,95744,384512,0.0,0.0,-0.01249633077532053,-0.017045767977833748,0.011985138058662415,0.0015679115895181894,0.0,0.0,0.0,530.660045800003
188,38,2,96256,385536,0.0,0.0,-0.003947400953620672,-0.010473144240677357,0.03148438036441803,0.0034343937877565622,0.0,0.0,0.0,531.9898686000015
189,38,4,96768,387584,0.0,0.0,-0.010116451419889927,-0.01544947549700737,0.025544369593262672,0.001454991870559752,0.0,0.0,0.0,534.3360263000068
190,38,3,97280,389120,0.0,0.0,-0.008420197293162346,-0.012991825118660927,0.051043592393398285,0.0018383074784651399,0.0,0.0,0.0,536.0937890000059
191,39,4,97792,391168,0.0,0.0,-0.009895128197968006,-0.015448208898305893,0.03635304421186447,0.0019268132746219635,0.0,0.0,0.0,538.5021973000039
192,39,2,98304,392192,0.0,0.0,-0.003308589104562998,-0.010471487417817116,0.05551401898264885,0.002499225316569209,0.0,0.0,0.0,539.8624764000051
193,39,6,98816,395264,0.0,0.0,-0.013097049668431282,-0.01875489205121994,0.03202621266245842,0.001571747474372387,0.0,0.0,0.0,543.3054963000031
194,39,3,99328,396800,0.0,0.0,-0.008102764375507832,-0.01299054641276598,0.0576951801776886,0.0022367339115589857,0.0,0.0,0.0,545.3940223000027
195,39,5,99840,399360,0.0,0.0,-0.012022729031741619,-0.017045455053448677,0.026315104216337204,0.002086569555103779,0.0,0.0,0.0,549.307115100004
196,40,5,100352,401920,0.0,0.0,-0.012007923796772957,-0.01704556867480278,0.041916489601135254,0.0021736682392656803,0.0,0.0,0.0,553.1428107000029
197,40,6,100864,404992,0.0,0.0,-0.013100662268698215,-0.018752457574009895,0.03170975670218468,0.0025459607131779194,0.0,0.0,0.0,557.7789894000016
198,40,2,101376,406016,0.0,0.0,-0.003153052646666765,-0.010473262518644333,0.04382232949137688,0.0022710980847477913,0.0,0.0,0.0,560.077049200001
199,40,3,101888,407552,0.0,0.0,-0.00794204417616129,-0.012989331036806107,0.04261503368616104,0.002144883619621396,0.0,0.0,0.0,562.7030152000007
200,40,4,102400,409600,0.0,0.0,-0.00945673044770956,-0.01544962078332901,0.09897854179143906,0.0028403103351593018,0.0,0.0,0.0,565.8109994000042
201,41,3,102912,411136,0.0,0.0,-0.007908063009381294,-0.012991555035114288,0.09785564988851547,0.0018206535605713725,0.0,0.0,0.0,568.5339308000039
202,41,4,103424,413184,0.0,0.0,-0.009498733095824718,-0.015449799597263336,0.04339009150862694,0.0029710151720792055,0.0,0.0,0.0,571.4315778000018
203,41,2,103936,414208,0.0,0.0,-0.002953105606138706,-0.01047351211309433,0.00957496464252472,0.0017748697428032756,0.0,0.0,0.0,572.7635218000069
204,41,5,104448,416768,0.0,0.0,-0.011849158443510532,-0.017044300213456154,0.06940368562936783,0.002884641755372286,0.0,0.0,0.0,575.5166185000053
205,41,6,104960,419840,0.0,0.0,-0.012903685681521893,-0.018753843382000923,0.049054525792598724,0.002191107254475355,0.0,0.0,0.0,579.9580583000061
206,42,2,105472,420864,0.0,0.0,-0.0030117633286863565,-0.010472354479134083,0.13743065297603607,0.002303909743204713,0.0,0.0,0.0,581.6848021000042
207,42,5,105984,423424,0.0,0.0,-0.011722461320459843,-0.017045166343450546,0.02127859741449356,0.0026232122909277678,0.0,0.0,0.0,584.2674903000006
208,42,6,106496,426496,0.0,0.0,-0.012818636372685432,-0.018752019852399826,0.013355705887079239,0.0029342861380428076,0.0,0.0,0.0,587.5978196000069
209,42,4,107008,428544,0.0,0.0,-0.009188296273350716,-0.015449349768459797,0.03142210841178894,0.0031550400890409946,0.0,0.0,0.0,590.1117958000032
210,42,3,107520,430080,0.0,0.0,-0.007743800524622202,-0.012991023249924183,0.13511714339256287,0.0028432258404791355,0.0,0.0,0.0,591.8397404000061
211,43,3,108032,431616,0.0,0.0,-0.007835368625819683,-0.012991012074053288,0.03951556235551834,0.002682009246200323,0.0,0.0,0.0,593.5498820000066
212,43,5,108544,434176,0.0,0.0,-0.01153854001313448,-0.017046146094799042,0.033550363034009933,0.0020946827717125416,0.0,0.0,0.0,596.180838500004
213,43,2,109056,435200,0.0,0.0,-0.002798347268253565,-0.010473945178091526,0.026243014261126518,0.002529441611841321,0.0,0.0,0.0,598.0120703000066
214,43,4,109568,437248,0.0,0.0,-0.00939906481653452,-0.0154487369582057,0.04096956178545952,0.002634854521602392,0.0,0.0,0.0,600.4291591000001
215,43,6,110080,440320,0.0,0.0,-0.01282161008566618,-0.018753478303551674,0.017336810007691383,0.002598297316581011,0.0,0.0,0.0,603.2574702000056
216,44,4,110592,442368,0.0,0.0,-0.009467648342251778,-0.015450514853000641,0.027963481843471527,0.002803604584187269,0.0,0.0,0.0,605.6580092000004
217,44,5,111104,444928,0.0,0.0,-0.011801004409790039,-0.01704644039273262,0.02528788335621357,0.001916280365549028,0.0,0.0,0.0,609.5278288000045
218,44,3,111616,446464,0.0,0.0,-0.007993322797119617,-0.012992245145142078,0.050644535571336746,0.0017186421900987625,0.0,0.0,0.0,611.8746285000016
219,44,2,112128,447488,0.0,0.0,-0.003064118791371584,-0.010474655777215958,0.03084394708275795,0.002690710360184312,0.0,0.0,0.0,613.3165966000015
220,44,6,112640,450560,0.0,0.0,-0.012947660870850086,-0.018752465024590492,0.04079313203692436,0.002659308025613427,0.0,0.0,0.0,618.664730000004
221,45,3,113152,452096,0.0,0.0,-0.007862317375838757,-0.012992621399462223,0.05163577198982239,0.001988179748877883,0.0,0.0,0.0,621.4025604000053
222,45,4,113664,454144,0.0,0.0,-0.009470823220908642,-0.015450894832611084,0.04199593514204025,0.0019219097448512912,0.0,0.0,0.0,624.4961330000006
223,45,5,114176,456704,0.0,0.0,-0.011815053410828114,-0.01704716496169567,0.016282610595226288,0.0022615776397287846,0.0,0.0,0.0,628.2447454000067
224,45,6,114688,459776,0.0,0.0,-0.01295013353228569,-0.01875307410955429,0.03333914279937744,0.003638970199972391,0.0,0.0,0.0,632.8936684
225,45,2,115200,460800,0.0,0.0,-0.002949383808299899,-0.010475562885403633,0.040546439588069916,0.0025139530189335346,0.0,0.0,0.0,634.6331608000037
226,46,6,115712,463872,0.0,0.0,-0.013025505468249321,-0.01875397376716137,0.022248677909374237,0.0021484503522515297,0.0,0.0,0.0,639.387315
227,46,5,116224,466432,0.0,0.0,-0.01199349481612444,-0.017047496512532234,0.04308915510773659,0.0019139442592859268,0.0,0.0,0.0,642.5769773000065
228,46,4,116736,468480,0.0,0.0,-0.0094376802444458,-0.015451669692993164,0.06433042138814926,0.0016763901803642511,0.0,0.0,0.0,644.8407181000002
229,46,3,117248,470016,0.0,0.0,-0.008085379377007484,-0.012992143630981445,0.054875802248716354,0.0029346679802984,0.0,0.0,0.0,646.779753200004
230,46,2,117760,471040,0.0,0.0,-0.0031866179779171944,-0.010474995709955692,0.04749966785311699,0.003641816321760416,0.0,0.0,0.0,648.5892519000045
231,47,4,118272,473088,0.0,0.0,-0.009711967781186104,-0.015451889485120773,0.038456715643405914,0.0012366380542516708,0.0,0.0,0.0,651.0298327000055
232,47,2,118784,474112,0.0,0.0,-0.003267664695158601,-0.01047571375966072,0.02972782962024212,0.0015835028607398272,0.0,0.0,0.0,652.445981900004
233,47,5,119296,476672,0.0,0.0,-0.01208561472594738,-0.01704677753150463,0.03245479613542557,0.001584850251674652,0.0,0.0,0.0,655.0631419000056
234,47,3,119808,478208,0.0,0.0,-0.00810914020985365,-0.012993056327104568,0.04684145748615265,0.0026514956261962652,0.0,0.0,0.0,657.008728300003
235,47,6,120320,481280,0.0,0.0,-0.013113711029291153,-0.018755625933408737,0.023209061473608017,0.001576026203110814,0.0,0.0,0.0,660.755521900006
236,48,4,120832,483328,0.0,0.0,-0.009681922383606434,-0.01545192115008831,0.05896671488881111,0.0037260870449244976,0.0,0.0,0.0,662.9400459000026
237,48,3,121344,484864,0.0,0.0,-0.008089274168014526,-0.012992765754461288,0.04178931191563606,0.0016377036226913333,0.0,0.0,0.0,664.661494400003
238,48,6,121856,487936,0.0,0.0,-0.013088340871036053,-0.018755722790956497,0.03634970635175705,0.0022121912334114313,0.0,0.0,0.0,668.9305155000038
239,48,2,122368,488960,0.0,0.0,-0.003248261520639062,-0.010475249961018562,0.02665083296597004,0.0031080436892807484,0.0,0.0,0.0,670.6393499000042
240,48,5,122880,491520,0.0,0.0,-0.012082565575838089,-0.017047369852662086,0.038115452975034714,0.0019006975926458836,0.0,0.0,0.0,673.8279634000064
241,49,4,123392,493568,0.0,0.0,-0.009642199613153934,-0.015452277846634388,0.026962315663695335,0.001200281549245119,0.0,0.0,0.0,677.3687073000037
242,49,3,123904,495104,0.0,0.0,-0.008009044453501701,-0.01299253012984991,0.052093736827373505,0.0020858505740761757,0.0,0.0,0.0,679.5458190000063
243,49,5,124416,497664,0.0,0.0,-0.011837225407361984,-0.017048049718141556,0.040478937327861786,0.0015698750503361225,0.0,0.0,0.0,682.2859664000061
244,49,6,124928,500736,0.0,0.0,-0.012840830720961094,-0.01875629834830761,0.03747820481657982,0.0007382926996797323,0.0,0.0,0.0,686.0048907000019
245,49,2,125440,501760,0.0,0.0,-0.00287934229709208,-0.010475335642695427,0.023048609495162964,0.003390815807506442,0.0,0.0,0.0,688.1750396000061
246,50,2,125952,502784,0.0,0.0,-0.0029167321044951677,-0.010475656017661095,0.05609520524740219,0.002701195189729333,0.0,0.0,0.0,690.525641900007
247,50,3,126464,504320,0.0,0.0,-0.007885412313044071,-0.012991889379918575,0.05791341885924339,0.0018201670609414577,0.0,0.0,0.0,693.0530349000037
248,50,4,126976,506368,0.0,0.0,-0.00924675166606903,-0.015451811254024506,0.025507912039756775,0.001645322423428297,0.0,0.0,0.0,695.3895252000002
249,50,5,127488,508928,0.0,0.0,-0.011580894701182842,-0.017047634348273277,0.02481713704764843,0.0010599868837743998,0.0,0.0,0.0,698.9626413000005
250,50,6,128000,512000,0.0,0.0,-0.012575517408549786,-0.018756220117211342,0.047900278121232986,0.002675611525774002,0.0,0.0,0.0,702.1419718000034
251,51,4,128512,514048,0.0,0.0,-0.009003165178000927,-0.015451906248927116,0.04497155919671059,0.004474591463804245,0.0,0.0,0.0,704.1472921000022
252,51,5,129024,516608,0.0,0.0,-0.011471600271761417,-0.01704772748053074,0.027840662747621536,0.0010140016674995422,0.0,0.0,0.0,706.5647775000034
253,51,2,129536,517632,0.0,0.0,-0.0025134871248155832,-0.01047598198056221,0.04009348526597023,0.0031947391107678413,0.0,0.0,0.0,707.9090575000009
254,51,6,130048,520704,0.0,0.0,-0.012343539856374264,-0.01875552162528038,0.03948366641998291,0.0013184567214921117,0.0,0.0,0.0,710.9309088000009
255,51,3,130560,522240,0.0,0.0,-0.007454756647348404,-0.01299218274652958,0.06817064434289932,0.002207093173637986,0.0,0.0,0.0,712.5437416000059
256,52,2,131072,523264,0.0,0.0,-0.00237639294937253,-0.010475377552211285,0.03714556246995926,0.0018063203897327185,0.0,0.0,0.0,713.8207617000007
257,52,4,131584,525312,0.0,0.0,-0.008717748336493969,-0.015451583079993725,0.06237848475575447,0.0020277597941458225,0.0,0.0,0.0,715.9378692000028
258,52,6,132096,528384,0.0,0.0,-0.012215238064527512,-0.01875634491443634,0.04650972783565521,0.0016374763799831271,0.0,0.0,0.0,719.6284932000053
259,52,5,132608,530944,0.0,0.0,-0.011097731068730354,-0.017047638073563576,0.05729122459888458,0.001486963126808405,0.0,0.0,0.0,722.0463663000046
260,52,3,133120,532480,0.0,0.0,-0.007458894979208708,-0.012992515228688717,0.04431454837322235,0.0025150941219180822,0.0,0.0,0.0,723.7079950000043
261,53,3,133632,534016,0.0,0.0,-0.007361560128629208,-0.012992087751626968,0.05930795520544052,0.0025207779835909605,0.0,0.0,0.0,725.6530674000023
262,53,4,134144,536064,0.0,0.0,-0.008777515031397343,-0.01545144896954298,0.04103061184287071,0.0026223198510706425,0.0,0.0,0.0,728.6511999000068
263,53,2,134656,537088,0.0,0.0,-0.0022626302670687437,-0.010475139133632183,0.08053717017173767,0.0030080873984843493,0.0,0.0,0.0,730.4548436000041
264,53,5,135168,539648,0.0,0.0,-0.011254697106778622,-0.01704745553433895,0.03614901378750801,0.00110164238139987,0.0,0.0,0.0,733.0615214000063
265,53,6,135680,542720,0.0,0.0,-0.012190844863653183,-0.018755493685603142,0.05717821046710014,0.0039033882785588503,0.0,0.0,0.0,736.1454699000024
266,54,6,136192,545792,0.0,0.0,-0.01220606081187725,-0.01875467598438263,0.02388596534729004,0.0018690479919314384,0.0,0.0,0.0,739.9280755
267,54,4,136704,547840,0.0,0.0,-0.008677434176206589,-0.015451066195964813,0.05726245045661926,0.0019543315283954144,0.0,0.0,0.0,742.0584955000013
268,54,3,137216,549376,0.0,0.0,-0.0071034603752195835,-0.012992198579013348,0.12865521013736725,0.002322988584637642,0.0,0.0,0.0,743.743725100001
269,54,2,137728,550400,0.0,0.0,-0.0021260937210172415,-0.010475167073309422,0.038813211023807526,0.004702358040958643,0.0,0.0,0.0,745.0898050000033
270,54,5,138240,552960,0.0,0.0,-0.011068370193243027,-0.017047176137566566,0.025172559544444084,0.0014130111085250974,0.0,0.0,0.0,747.9023235000059
271,55,3,138752,554496,0.0,0.0,-0.0072000110521912575,-0.012992584146559238,0.06829426437616348,0.0021796110086143017,0.0,0.0,0.0,749.9022878000033
272,55,6,139264,557568,0.0,0.0,-0.012019547633826733,-0.018755324184894562,0.05912334844470024,0.002095266245305538,0.0,0.0,0.0,752.7850214000064
273,55,2,139776,558592,0.0,0.0,-0.002267334144562483,-0.010472861118614674,0.05686786025762558,0.004060220904648304,0.0,0.0,0.0,754.1323890000058
274,55,4,140288,560640,0.0,0.0,-0.008626550436019897,-0.015451026149094105,0.03285595029592514,0.0023683905601501465,0.0,0.0,0.0,756.629938500002
275,55,5,140800,563200,0.0,0.0,-0.011121044866740704,-0.01704743690788746,0.024101175367832184,0.0012178897159174085,0.0,0.0,0.0,760.7988546000051
276,56,3,141312,564736,0.0,0.0,-0.007324110250920057,-0.012992551550269127,0.038797635585069656,0.0008998012053780258,0.0,0.0,0.0,763.3192679000058
277,56,5,141824,567296,0.0,0.0,-0.011165345087647438,-0.017047179862856865,0.05359834432601929,0.0014558522962033749,0.0,0.0,0.0,766.7426289000068
278,56,4,142336,569344,0.0,0.0,-0.008810446597635746,-0.015451068989932537,0.04182981699705124,0.004029795527458191,0.0,0.0,0.0,770.4817771000016
279,56,2,142848,570368,0.0,0.0,-0.002278178231790662,-0.010475401766598225,0.06257610023021698,0.005679964553564787,0.0,0.0,0.0,771.8923611999999
280,56,6,143360,573440,0.0,0.0,-0.012127302587032318,-0.01875557191669941,0.04348283261060715,0.0034866686910390854,0.0,0.0,0.0,775.0939261000021
281,57,2,143872,574464,0.0,0.0,-0.002270251978188753,-0.010475309565663338,0.04684199020266533,0.0027729140128940344,0.0,0.0,0.0,776.6615541000065
282,57,4,144384,576512,0.0,0.0,-0.008742554113268852,-0.015451140701770782,0.03991056606173515,0.005103451665490866,0.0,0.0,0.0,779.8321724000052
283,57,5,144896,579072,0.0,0.0,-0.01111710723489523,-0.01704750396311283,0.059817418456077576,0.0014119086554273963,0.0,0.0,0.0,782.837234000006
284,57,3,145408,580608,0.0,0.0,-0.007285001687705517,-0.012993164360523224,0.05410628765821457,0.0009764772257767618,0.0,0.0,0.0,785.668371000007
285,57,6,145920,583680,0.0,0.0,-0.012088479474186897,-0.01875530742108822,0.03487924486398697,0.0034302189014852047,0.0,0.0,0.0,790.2983944000007
286,58,5,146432,586240,0.0,0.0,-0.011019526049494743,-0.017047218978405,0.030729040503501892,0.001385621028020978,0.0,0.0,0.0,793.6191206000003
287,58,6,146944,589312,0.0,0.0,-0.011934678070247173,-0.018755054101347923,0.0406273752450943,0.0014968898613005877,0.0,0.0,0.0,796.8607080000002
288,58,3,147456,590848,0.0,0.0,-0.00707056513056159,-0.012992228381335735,0.06009901314973831,0.00267103873193264,0.0,0.0,0.0,798.7278917000003
289,58,2,147968,591872,0.0,0.0,-0.0020689452067017555,-0.01047496683895588,0.01611502096056938,0.0028856294229626656,0.0,0.0,0.0,800.051413000001
290,58,4,148480,593920,0.0,0.0,-0.008464370854198933,-0.015450957231223583,0.02616668865084648,0.0015992175322026014,0.0,0.0,0.0,802.3497938
291,59,2,148992,594944,0.0,0.0,-0.0019657001830637455,-0.010474677197635174,0.06384164094924927,0.004642454907298088,0.0,0.0,0.0,803.9263081000026
292,59,4,149504,596992,0.0,0.0,-0.008436259813606739,-0.015450943261384964,0.040067948400974274,0.0007887062965892255,0.0,0.0,0.0,806.6554728000046
293,59,6,150016,600064,0.0,0.0,-0.011918514966964722,-0.01875496283173561,0.03394247218966484,0.0013414878631010652,0.0,0.0,0.0,810.4514830000044
294,59,3,150528,601600,0.0,0.0,-0.006995607167482376,-0.012992779724299908,0.12589359283447266,0.0015767544973641634,0.0,0.0,0.0,812.2047057000018
295,59,5,151040,604160,0.0,0.0,-0.010753380134701729,-0.017047399654984474,0.07230955362319946,0.0014836405171081424,0.0,0.0,0.0,814.6425614000036
296,60,5,151552,606720,0.0,0.0,-0.010886096395552158,-0.017047977074980736,0.04475168511271477,0.0006597864557988942,0.0,0.0,0.0,818.1827786000067
297,60,6,152064,609792,0.0,0.0,-0.011946049518883228,-0.018755052238702774,0.018159955739974976,0.001458951854147017,0.0,0.0,0.0,821.9971842000014
298,60,4,152576,611840,0.0,0.0,-0.00847181212157011,-0.015450194478034973,0.02573644369840622,0.0017290756804868579,0.0,0.0,0.0,824.1260933000012
299,60,3,153088,613376,0.0,0.0,-0.007116104941815138,-0.012992233969271183,0.07256557792425156,0.0029984619468450546,0.0,0.0,0.0,825.810218000006
300,60,2,153600,614400,0.0,0.0,-0.002096031792461872,-0.010474957525730133,0.062082868069410324,0.003563257399946451,0.0,0.0,0.0,827.2696623000011
301,61,2,154112,615424,0.0,0.0,-0.00214306334964931,-0.010474620386958122,0.06125747039914131,0.0032752135302871466,0.0,0.0,0.0,828.8080646000017
302,61,5,154624,617984,0.0,0.0,-0.010923672467470169,-0.017047030851244926,0.025043172761797905,0.0013853672426193953,0.0,0.0,0.0,831.3778899000026
303,61,4,155136,620032,0.0,0.0,-0.008590967394411564,-0.015450364910066128,0.053184010088443756,0.0014163411688059568,0.0,0.0,0.0,833.5947968000037
304,61,3,155648,621568,0.0,0.0,-0.007294808514416218,-0.012991908006370068,0.06633345037698746,0.0032324136700481176,0.0,0.0,0.0,835.3084663000045
305,61,6,156160,624640,0.0,0.0,-0.012180316261947155,-0.018754342570900917,0.03885659947991371,0.0013095649192109704,0.0,0.0,0.0,838.8990102000025
306,62,6,156672,627712,0.0,0.0,-0.012157182209193707,-0.018754441291093826,0.0355803519487381,0.003290524473413825,0.0,0.0,0.0,841.9997733000055
307,62,4,157184,629760,0.0,0.0,-0.008685189299285412,-0.01544971764087677,0.06179788336157799,0.0034795175306499004,0.0,0.0,0.0,844.6124224000014
308,62,3,157696,631296,0.0,0.0,-0.007570777554064989,-0.012991528026759624,0.0766555592417717,0.0016095268074423075,0.0,0.0,0.0,847.0245131000047
309,62,2,158208,632320,0.0,0.0,-0.0025849277153611183,-0.01047421246767044,0.05674343928694725,0.006448478437960148,0.0,0.0,0.0,849.1102367000058
310,62,5,158720,634880,0.0,0.0,-0.011309502646327019,-0.017047235742211342,0.026892855763435364,0.003106758464127779,0.0,0.0,0.0,852.4308093
311,63,6,159232,637952,0.0,0.0,-0.012246265076100826,-0.018754297867417336,0.03806481510400772,0.0018082146998494864,0.0,0.0,0.0,856.2183867000058
312,63,2,159744,638976,0.0,0.0,-0.002579170512035489,-0.010473773814737797,0.028194785118103027,0.0028638888616114855,0.0,0.0,0.0,858.2666344000027
313,63,3,160256,640512,0.0,0.0,-0.007515930570662022,-0.01299147680401802,0.05752299353480339,0.0025304530281573534,0.0,0.0,0.0,860.6946415000057
314,63,5,160768,643072,0.0,0.0,-0.01130729354918003,-0.017047302797436714,0.034428276121616364,0.002252481644973159,0.0,0.0,0.0,864.0765745000026
315,63,4,161280,645120,0.0,0.0,-0.00899156741797924,-0.015449495054781437,0.037319134920835495,0.0016235550865530968,0.0,0.0,0.0,867.847162200007
316,64,3,161792,646656,0.0,0.0,-0.007474012207239866,-0.01299157366156578,0.09061618149280548,0.004884797148406506,0.0,0.0,0.0,870.6440093000056
317,64,5,162304,649216,0.0,0.0,-0.011393140070140362,-0.017046857625246048,0.04135163873434067,0.004637673031538725,0.0,0.0,0.0,874.7974568000063
318,64,4,162816,651264,0.0,0.0,-0.009035583585500717,-0.01544954627752304,0.08821620047092438,0.0026537177618592978,0.0,0.0,0.0,878.7740743000031
319,64,6,163328,654336,0.0,0.0,-0.01236735749989748,-0.018753657117486,0.04428788647055626,0.0014690174721181393,0.0,0.0,0.0,884.0003499000013
320,64,2,163840,655360,0.0,0.0,-0.0027231911662966013,-0.01047341339290142,0.07550846040248871,0.005296627059578896,0.0,0.0,0.0,886.1790884000002
321,65,3,164352,656896,0.0,0.0,-0.007663771975785494,-0.012990685179829597,0.03937457874417305,0.004219291731715202,0.0,0.0,0.0,888.8910023000062
322,65,2,164864,657920,0.0,0.0,-0.0026648540515452623,-0.010473513044416904,0.021934619173407555,0.005568498745560646,0.0,0.0,0.0,891.0021228000041
323,65,4,165376,659968,0.0,0.0,-0.008996382355690002,-0.015448897145688534,0.030521024018526077,0.002434223424643278,0.0,0.0,0.0,893.756429400004
324,65,6,165888,663040,0.0,0.0,-0.012332337908446789,-0.018752945587038994,0.04202642664313316,0.0014979700790718198,0.0,0.0,0.0,896.7078216000009
325,65,5,166400,665600,0.0,0.0,-0.011273751966655254,-0.01704677753150463,0.03331584855914116,0.0028740332927554846,0.0,0.0,0.0,899.992759700006
326,66,6,166912,668672,0.0,0.0,-0.012348303571343422,-0.01875344105064869,0.033263057470321655,0.0044720713049173355,0.0,0.0,0.0,902.9351340000067
327,66,4,167424,670720,0.0,0.0,-0.008826200850307941,-0.0154484948143363,0.04053512588143349,0.00415030587464571,0.0,0.0,0.0,905.1273022000023
328,66,5,167936,673280,0.0,0.0,-0.011218203231692314,-0.01704644411802292,0.04402075707912445,0.0010372961405664682,0.0,0.0,0.0,908.8737184000056
329,66,2,168448,674304,0.0,0.0,-0.0024562396574765444,-0.010473283939063549,0.12436705082654953,0.0028821181040257215,0.0,0.0,0.0,910.6412533000039
330,66,3,168960,675840,0.0,0.0,-0.0075224763713777065,-0.012990789487957954,0.09438695758581161,0.005482288543134928,0.0,0.0,0.0,912.4807854000028
331,67,3,169472,677376,0.0,0.0,-0.007519690785557032,-0.012990794144570827,0.0831741988658905,0.004668040666729212,0.0,0.0,0.0,914.2251087000041
332,67,5,169984,679936,0.0,0.0,-0.011269534938037395,-0.017046786844730377,0.0287648793309927,0.0009821363491937518,0.0,0.0,0.0,916.763209100005
333,67,4,170496,681984,0.0,0.0,-0.008986761793494225,-0.015448492020368576,0.06888008117675781,0.006750010419636965,0.0,0.0,0.0,919.4501775000026
334,67,6,171008,685056,0.0,0.0,-0.012182521633803844,-0.018753109499812126,0.04930471256375313,0.0025561281945556402,0.0,0.0,0.0,922.7661852000019
335,67,2,171520,686080,0.0,0.0,-0.002638117643073201,-0.010472992435097694,0.08016158640384674,0.004006716888397932,0.0,0.0,0.0,924.032991
336,68,4,172032,688128,0.0,0.0,-0.008979031816124916,-0.015447724610567093,0.04328165575861931,0.0033742464147508144,0.0,0.0,0.0,925.964558300002
337,68,2,172544,689152,0.0,0.0,-0.002654457464814186,-0.010471910238265991,0.02863960899412632,0.008476578630506992,0.0,0.0,0.0,927.0507311000038
338,68,6,173056,692224,0.0,0.0,-0.012160747312009335,-0.01875256933271885,0.02113293670117855,0.0015845460584387183,0.0,0.0,0.0,930.2028268000067
339,68,3,173568,693760,0.0,0.0,-0.0076210033148527145,-0.012990772724151611,0.0733756348490715,0.0020697375293821096,0.0,0.0,0.0,932.2134085000071
340,68,5,174080,696320,0.0,0.0,-0.011342959478497505,-0.01704602688550949,0.02252238243818283,0.002220002468675375,0.0,0.0,0.0,934.6980924000018
341,69,6,174592,699392,0.0,0.0,-0.012331144884228706,-0.01875155046582222,0.046017058193683624,0.0029662258457392454,0.0,0.0,0.0,937.9197892000011
342,69,4,175104,701440,0.0,0.0,-0.009076456539332867,-0.015447600744664669,0.02857484109699726,0.0025253675412386656,0.0,0.0,0.0,940.102195600004
343,69,5,175616,704000,0.0,0.0,-0.011444435454905033,-0.017045237123966217,0.0759071335196495,0.0039055326487869024,0.0,0.0,0.0,942.6450836000004
344,69,3,176128,705536,0.0,0.0,-0.007558109238743782,-0.01299061719328165,0.04658021777868271,0.0019075785530731082,0.0,0.0,0.0,944.0643376000007
345,69,2,176640,706560,0.0,0.0,-0.0026637993287295103,-0.010471943765878677,0.03914502635598183,0.004245378077030182,0.0,0.0,0.0,945.264385500006
346,70,3,177152,708096,0.0,0.0,-0.007399673108011484,-0.012990051880478859,0.12071725726127625,0.0026464846450835466,0.0,0.0,0.0,946.735617600003
347,70,4,177664,710144,0.0,0.0,-0.008863676339387894,-0.015446553006768227,0.046448927372694016,0.004726410377770662,0.0,0.0,0.0,948.7416253000047
348,70,6,178176,713216,0.0,0.0,-0.012128067202866077,-0.018751412630081177,0.047421641647815704,0.006675110198557377,0.0,0.0,0.0,951.4529989000002
349,70,5,178688,715776,0.0,0.0,-0.01116366870701313,-0.01704563945531845,0.08232146501541138,0.0030241976492106915,0.0,0.0,0.0,953.3805524000054
350,70,2,179200,716800,0.0,0.0,-0.0025370055809617043,-0.010470658540725708,0.04122765734791756,0.007455019745975733,0.0,0.0,0.0,954.3168692000036
351,71,3,179712,718336,0.0,0.0,-0.007512448355555534,-0.012989349663257599,0.040512874722480774,0.0033774992916733027,0.0,0.0,0.0,955.5909714000009
352,71,2,180224,719360,0.0,0.0,-0.0025475092697888613,-0.010470854118466377,0.03099512681365013,0.004269145429134369,0.0,0.0,0.0,956.525856100001
353,71,4,180736,721408,0.0,0.0,-0.008777265436947346,-0.015446128323674202,0.04148130863904953,0.006139591336250305,0.0,0.0,0.0,958.2422592000003
354,71,6,181248,724480,0.0,0.0,-0.012200363911688328,-0.018750837072730064,0.023265130817890167,0.001441248576156795,0.0,0.0,0.0,960.6152367000032
355,71,5,181760,727040,0.0,0.0,-0.011078055016696453,-0.017045116052031517,0.06424085795879364,0.00398624874651432,0.0,0.0,0.0,962.4964591000025
356,72,3,182272,728576,0.0,0.0,-0.007642508950084448,-0.012989887036383152,0.09099400043487549,0.005475427024066448,0.0,0.0,0.0,963.8215287000057
357,72,4,182784,730624,0.0,0.0,-0.008902017958462238,-0.015445644035935402,0.05681513249874115,0.0029654763638973236,0.0,0.0,0.0,965.5646403999999
358,72,6,183296,733696,0.0,0.0,-0.012310550548136234,-0.018750250339508057,0.042530130594968796,0.003921750001609325,0.0,0.0,0.0,968.0385815000045
359,72,2,183808,734720,0.0,0.0,-0.0028643112163990736,-0.010469609871506691,0.023193301633000374,0.010201829485595226,0.0,0.0,0.0,969.035163600005
360,72,5,184320,737280,0.0,0.0,-0.011598075740039349,-0.01704491302371025,0.032101377844810486,0.0033820003736764193,0.0,0.0,0.0,971.032074200004
361,73,6,184832,740352,0.0,0.0,-0.012610075064003468,-0.01874992996454239,0.025471225380897522,0.002945780521258712,0.0,0.0,0.0,973.2111839000063
362,73,2,185344,741376,0.0,0.0,-0.00311404000967741,-0.010468523018062115,0.08553892374038696,0.0015669679269194603,0.0,0.0,0.0,974.1379446999999
363,73,4,185856,743424,0.0,0.0,-0.009411175735294819,-0.015445501543581486,0.024869350716471672,0.005369883496314287,0.0,0.0,0.0,975.6976359000037
364,73,3,186368,744960,0.0,0.0,-0.007926564663648605,-0.012988962233066559,0.043074991554021835,0.00584966316819191,0.0,0.0,0.0,976.9673307000048
365,73,5,186880,747520,0.0,0.0,-0.011724661104381084,-0.01704450324177742,0.03921172395348549,0.0018294642213732004,0.0,0.0,0.0,978.9043077000024
366,74,5,187392,750080,0.0,0.0,-0.011589791625738144,-0.017043912783265114,0.03885092958807945,0.003855774411931634,0.0,0.0,0.0,980.7511359000055
367,74,3,187904,751616,0.0,0.0,-0.008016492240130901,-0.012988310307264328,0.05111568793654442,0.0025763045996427536,0.0,0.0,0.0,981.9946356
368,74,2,188416,752640,0.0,0.0,-0.0032933198381215334,-0.01046806015074253,0.059136711061000824,0.002633320866152644,0.0,0.0,0.0,982.9204484000002
369,74,6,188928,755712,0.0,0.0,-0.012761767022311687,-0.018748868256807327,0.026329277083277702,0.0027132928371429443,0.0,0.0,0.0,985.0571317000067
370,74,4,189440,757760,0.0,0.0,-0.009513976983726025,-0.01544492319226265,0.062093984335660934,0.0025385916233062744,0.0,0.0,0.0,986.6160581000004
371,75,5,189952,760320,0.0,0.0,-0.011813923716545105,-0.017042765393853188,0.030006440356373787,0.002437426708638668,0.0,0.0,0.0,988.5318550000011
372,75,3,190464,761856,0.0,0.0,-0.007990279234945774,-0.012987255118787289,0.12447846680879593,0.0021629773546010256,0.0,0.0,0.0,989.9259919000033
373,75,6,190976,764928,0.0,0.0,-0.013034024275839329,-0.018748153001070023,0.025951597839593887,0.003436918603256345,0.0,0.0,0.0,992.3584286000041
374,75,4,191488,766976,0.0,0.0,-0.00961271207779646,-0.01544293761253357,0.04478456452488899,0.008705290965735912,0.0,0.0,0.0,994.0435183000009
375,75,2,192000,768000,0.0,0.0,-0.0035695938859134912,-0.01046606246381998,0.03269588202238083,0.012189140543341637,0.0,0.0,0.0,995.5137801000019
376,76,2,192512,769024,0.0,0.0,-0.0035679559223353863,-0.010465951636433601,0.03223736211657524,0.0070320297963917255,0.0,0.0,0.0,996.9496057000069
377,76,5,193024,771584,0.0,0.0,-0.011909118853509426,-0.017042411491274834,0.045895207673311234,0.004179240670055151,0.0,0.0,0.0,999.3290368000016
378,76,3,193536,773120,0.0,0.0,-0.008094023913145065,-0.0129869868978858,0.06821764260530472,0.008589176461100578,0.0,0.0,0.0,1000.9630258000034
379,76,6,194048,776192,0.0,0.0,-0.013061420992016792,-0.018747271969914436,0.02925918810069561,0.0060757240280508995,0.0,0.0,0.0,1003.851216300005
380,76,4,194560,778240,0.0,0.0,-0.009728447534143925,-0.015442977659404278,0.03372805938124657,0.004086477216333151,0.0,0.0,0.0,1005.6399887000007
381,77,4,195072,780288,0.0,0.0,-0.009702445939183235,-0.015440858900547028,0.04700654745101929,0.0030615483410656452,0.0,0.0,0.0,1007.444816700001
382,77,3,195584,781824,0.0,0.0,-0.008199021220207214,-0.012986503541469574,0.03660498559474945,0.010361939668655396,0.0,0.0,0.0,1008.8706836000056
383,77,5,196096,784384,0.0,0.0,-0.011846194975078106,-0.017041373997926712,0.04106983169913292,0.0046251146122813225,0.0,0.0,0.0,1010.9448650000049
384,77,6,196608,787456,0.0,0.0,-0.013070479966700077,-0.018745211884379387,0.016288187354803085,0.0022791139781475067,0.0,0.0,0.0,1013.5735442000005
385,77,2,197120,788480,0.0,0.0,-0.0036307326517999172,-0.010463585145771503,0.12836335599422455,0.007107779383659363,0.0,0.0,0.0,1014.6631043000016
386,78,4,197632,790528,0.0,0.0,-0.009651368483901024,-0.015438565984368324,0.0777742937207222,0.004964352585375309,0.0,0.0,0.0,1016.3250784000047
387,78,3,198144,792064,0.0,0.0,-0.008248195983469486,-0.012985422275960445,0.05532321333885193,0.006155515089631081,0.0,0.0,0.0,1017.6198833000017
388,78,6,198656,795136,0.0,0.0,-0.012978951446712017,-0.01874440908432007,0.01787590980529785,0.006530232261866331,0.0,0.0,0.0,1019.8642315000034
389,78,5,199168,797696,0.0,0.0,-0.012154479511082172,-0.017040478065609932,0.04684104397892952,0.002144303871318698,0.0,0.0,0.0,1021.9185679000002
390,78,2,199680,798720,0.0,0.0,-0.003911151550710201,-0.01046221237629652,0.11463693529367447,0.017663320526480675,0.0,0.0,0.0,1022.9118725000008
391,79,6,200192,801792,0.0,0.0,-0.013212527148425579,-0.018742773681879044,0.025290299206972122,0.005758809391409159,0.0,0.0,0.0,1025.1766691000012
392,79,2,200704,802816,0.0,0.0,-0.0040700966492295265,-0.010462206788361073,0.05588226765394211,0.009333969093859196,0.0,0.0,0.0,1026.287846500003
393,79,5,201216,805376,0.0,0.0,-0.012092173099517822,-0.017039498314261436,0.06161597743630409,0.0019478444010019302,0.0,0.0,0.0,1028.3558139000015
394,79,4,201728,807424,0.0,0.0,-0.010013872757554054,-0.015438348986208439,0.07212956994771957,0.0018496594857424498,0.0,0.0,0.0,1030.1872646000047
395,79,3,202240,808960,0.0,0.0,-0.008450374007225037,-0.0129838977009058,0.027977988123893738,0.00454804627224803,0.0,0.0,0.0,1031.6021924000015
396,80,4,202752,811008,0.0,0.0,-0.010004888288676739,-0.015436836518347263,0.03242390602827072,0.00606885738670826,0.0,0.0,0.0,1033.1436111000003
397,80,5,203264,813568,0.0,0.0,-0.012209482491016388,-0.017038581892848015,0.03434282913804054,0.00422270642593503,0.0,0.0,0.0,1035.026332100002
398,80,6,203776,816640,0.0,0.0,-0.01348798256367445,-0.018740834668278694,0.0254948902875185,0.002884190995246172,0.0,0.0,0.0,1037.2239708000052
399,80,2,204288,817664,0.0,0.0,-0.004471994005143642,-0.010458705015480518,0.026309100911021233,0.011684385128319263,0.0,0.0,0.0,1038.2458692
400,80,3,204800,819200,0.0,0.0,-0.008667007088661194,-0.012982483021914959,0.030509114265441895,0.0032925268169492483,0.0,0.0,0.0,1039.491907500007
401,81,3,205312,820736,0.0,0.0,-0.008681314997375011,-0.01298157125711441,0.04844258353114128,0.009057433344423771,0.0,0.0,0.0,1040.7432348000002
402,81,2,205824,821760,0.0,0.0,-0.004581117071211338,-0.010454999282956123,0.07547274231910706,0.023307545110583305,0.0,0.0,0.0,1041.6834041000038
403,81,6,206336,824832,0.0,0.0,-0.013538317754864693,-0.018736785277724266,0.02687225490808487,0.004962357692420483,0.0,0.0,0.0,1043.8153951000058
404,81,4,206848,826880,0.0,0.0,-0.010342215187847614,-0.01543536875396967,0.0485956035554409,0.004026002716273069,0.0,0.0,0.0,1045.498192500003
405,81,5,207360,829440,0.0,0.0,-0.012435968965291977,-0.01703735999763012,0.018133385106921196,0.003400941612198949,0.0,0.0,0.0,1047.3934528000027
406,82,4,207872,831488,0.0,0.0,-0.010495581664144993,-0.015432844869792461,0.06359049677848816,0.004675472620874643,0.0,0.0,0.0,1048.9627366000059
407,82,3,208384,833024,0.0,0.0,-0.008941923268139362,-0.012980211526155472,0.06541469693183899,0.005195322446525097,0.0,0.0,0.0,1050.2593916000042
408,82,5,208896,835584,0.0,0.0,-0.01263067964464426,-0.01703615114092827,0.05142985284328461,0.008319811895489693,0.0,0.0,0.0,1052.1803965
409,82,2,209408,836608,0.0,0.0,-0.005042036063969135,-0.010451017878949642,0.0747750923037529,0.029335379600524902,0.0,0.0,0.0,1053.1391871000014
410,82,6,209920,839680,0.0,0.0,-0.01372718159109354,-0.018735677003860474,0.030466381460428238,0.005808016750961542,0.0,0.0,0.0,1055.4353432000062
411,83,5,210432,842240,0.0,0.0,-0.012702004052698612,-0.017034457996487617,0.03841913118958473,0.0035130903124809265,0.0,0.0,0.0,1057.7321422000023
412,83,2,210944,843264,0.0,0.0,-0.005035869777202606,-0.010447686538100243,0.05515854433178902,0.013332350179553032,0.0,0.0,0.0,1059.0054627000063
413,83,6,211456,846336,0.0,0.0,-0.01382413599640131,-0.01873147487640381,0.03530918434262276,0.003583246609196067,0.0,0.0,0.0,1062.097671500007
414,83,3,211968,847872,0.0,0.0,-0.00890329759567976,-0.012977873906493187,0.035469040274620056,0.00662653986364603,0.0,0.0,0.0,1063.6861870000066
415,83,4,212480,849920,0.0,0.0,-0.010637848637998104,-0.015430398285388947,0.022290552034974098,0.012062344700098038,0.0,0.0,0.0,1065.7084343000024
416,84,6,212992,852992,0.0,0.0,-0.013819987885653973,-0.018728217110037804,0.02832009457051754,0.01056479662656784,0.0,0.0,0.0,1068.3867323000013
417,84,4,213504,855040,0.0,0.0,-0.01063090655952692,-0.015428360551595688,0.033015087246894836,0.00899987667798996,0.0,0.0,0.0,1070.1370011000035
418,84,5,214016,857600,0.0,0.0,-0.012722248211503029,-0.017033150419592857,0.029729196801781654,0.004356905352324247,0.0,0.0,0.0,1072.338228600005
419,84,3,214528,859136,0.0,0.0,-0.00891945045441389,-0.012976910918951035,0.06622174382209778,0.0028459520544856787,0.0,0.0,0.0,1073.8182804000025
420,84,2,215040,860160,0.0,0.0,-0.005018362309783697,-0.010444278828799725,0.14943614602088928,0.006750950124114752,0.0,0.0,0.0,1074.884329200002
421,85,6,215552,863232,0.0,0.0,-0.013851646333932877,-0.018725186586380005,0.023038260638713837,0.004861746449023485,0.0,0.0,0.0,1077.1920158000066
422,85,4,216064,865280,0.0,0.0,-0.01065495703369379,-0.015423990786075592,0.04858133941888809,0.007132453378289938,0.0,0.0,0.0,1078.968369400005
423,85,2,216576,866304,0.0,0.0,-0.005184064619243145,-0.010439214296638966,0.1175248920917511,0.018093248829245567,0.0,0.0,0.0,1080.056912400003
424,85,3,217088,867840,0.0,0.0,-0.009064541198313236,-0.012975248508155346,0.009759471751749516,0.004714540205895901,0.0,0.0,0.0,1081.4839317000005
425,85,5,217600,870400,0.0,0.0,-0.012858935631811619,-0.017031462863087654,0.014820870943367481,0.0037889082450419664,0.0,0.0,0.0,1083.3744432000021
426,86,5,218112,872960,0.0,0.0,-0.012971454299986362,-0.017029669135808945,0.03787221014499664,0.0028030769899487495,0.0,0.0,0.0,1085.234605800004
427,86,3,218624,874496,0.0,0.0,-0.009270530194044113,-0.012973513454198837,0.043416183441877365,0.002818064298480749,0.0,0.0,0.0,1086.5870936000065
428,86,2,219136,875520,0.0,0.0,-0.005796378944069147,-0.010434082709252834,0.06502442061901093,0.01610669679939747,0.0,0.0,0.0,1087.7279726000052
429,86,6,219648,878592,0.0,0.0,-0.014378833584487438,-0.018721211701631546,0.018163317814469337,0.007262633182108402,0.0,0.0,0.0,1090.2083535000056
430,86,4,220160,880640,0.0,0.0,-0.011268059723079205,-0.015420165844261646,0.018361113965511322,0.009306342341005802,0.0,0.0,0.0,1091.9493734000062
431,87,4,220672,882688,0.0,0.0,-0.011295453645288944,-0.015415297821164131,0.03539786487817764,0.0088580884039402,0.0,0.0,0.0,1093.6240299000056
432,87,6,221184,885760,0.0,0.0,-0.014479800127446651,-0.01871458999812603,0.043970610946416855,0.009453988634049892,0.0,0.0,0.0,1095.8545032000038
433,87,3,221696,887296,0.0,0.0,-0.00959863979369402,-0.012971951626241207,0.04103631153702736,0.00699951034039259,0.0,0.0,0.0,1097.1321842000034
434,87,2,222208,888320,0.0,0.0,-0.006283452734351158,-0.010424579493701458,0.053757812827825546,0.00824407022446394,0.0,0.0,0.0,1098.1483772000065
435,87,5,222720,890880,0.0,0.0,-0.013342425227165222,-0.01702692359685898,0.026694845408201218,0.004971479065716267,0.0,0.0,0.0,1099.9834773000039
436,88,5,223232,893440,0.0,0.0,-0.013357103802263737,-0.017024032771587372,0.03602170944213867,0.009723448194563389,0.0,0.0,0.0,1101.8249370000049
437,88,2,223744,894464,0.0,0.0,-0.006428828462958336,-0.010417921468615532,0.11320682615041733,0.017239892855286598,0.0,0.0,0.0,1102.7522797000056
438,88,4,224256,896512,0.0,0.0,-0.011652599088847637,-0.015409105457365513,0.03286943584680557,0.010856381617486477,0.0,0.0,0.0,1104.3396289000011
439,88,6,224768,899584,0.0,0.0,-0.014924594201147556,-0.018707729876041412,0.02496013231575489,0.008601400069892406,0.0,0.0,0.0,1106.477432700005
440,88,3,225280,901120,0.0,0.0,-0.009903889149427414,-0.012970571406185627,0.07469911128282547,0.008901230059564114,0.0,0.0,0.0,1107.8504119000063
441,89,2,225792,902144,0.0,0.0,-0.0068755364045500755,-0.010409651324152946,0.03473323956131935,0.016017261892557144,0.0,0.0,0.0,1108.7901437000037
442,89,6,226304,905216,0.0,0.0,-0.015129253268241882,-0.01870054379105568,0.026255015283823013,0.014352250844240189,0.0,0.0,0.0,1111.0518333
443,89,4,226816,907264,0.0,0.0,-0.01213526725769043,-0.015405524522066116,0.034113287925720215,0.009723406285047531,0.0,0.0,0.0,1112.6279850000064
444,89,5,227328,909824,0.0,0.0,-0.013871637172996998,-0.01702243834733963,0.044279228895902634,0.0028644585981965065,0.0,0.0,0.0,1114.5684442000056
445,89,3,227840,911360,0.0,0.0,-0.010237004607915878,-0.01296623982489109,0.03579360619187355,0.005064866505563259,0.0,0.0,0.0,1116.0134587000066
446,90,2,228352,912384,0.0,0.0,-0.007334452588111162,-0.010401601903140545,0.04343405365943909,0.011499779298901558,0.0,0.0,0.0,1117.1160079000038
447,90,3,228864,913920,0.0,0.0,-0.010443509556353092,-0.012964945286512375,0.03687320277094841,0.01942869834601879,0.0,0.0,0.0,1118.6200266000014
448,90,4,229376,915968,0.0,0.0,-0.012391681782901287,-0.015396198257803917,0.02747264876961708,0.016003692522644997,0.0,0.0,0.0,1120.564783700007
449,90,6,229888,919040,0.0,0.0,-0.01568489335477352,-0.018691005185246468,0.01464046724140644,0.007691612467169762,0.0,0.0,0.0,1123.705242300006
450,90,5,230400,921600,0.0,0.0,-0.01423113327473402,-0.017019446939229965,0.027305297553539276,0.007803477346897125,0.0,0.0,0.0,1126.171551600004
451,91,4,230912,923648,0.0,0.0,-0.012624368071556091,-0.015385263599455357,0.03664371371269226,0.009569210931658745,0.0,0.0,0.0,1128.1559798000017
452,91,5,231424,926208,0.0,0.0,-0.014382732100784779,-0.0170151274651289,0.031234100461006165,0.0032191250938922167,0.0,0.0,0.0,1130.447573000005
453,91,3,231936,927744,0.0,0.0,-0.01061357744038105,-0.012960596941411495,0.04037490487098694,0.006545343901962042,0.0,0.0,0.0,1131.9296262000062
454,91,6,232448,930816,0.0,0.0,-0.01584601029753685,-0.018678084015846252,0.019822975620627403,0.0031093854922801256,0.0,0.0,0.0,1134.2793001000027
455,91,2,232960,931840,0.0,0.0,-0.007898421958088875,-0.010387656278908253,0.02393600158393383,0.01731952652335167,0.0,0.0,0.0,1135.3582293
456,92,3,233472,933376,0.0,0.0,-0.010731032118201256,-0.012957105413079262,0.04457676783204079,0.006825102958828211,0.0,0.0,0.0,1136.8938189000037
457,92,6,233984,936448,0.0,0.0,-0.01599687710404396,-0.01866867206990719,0.03857741132378578,0.005320894066244364,0.0,0.0,0.0,1139.4227453000058
458,92,4,234496,938496,0.0,0.0,-0.012855078093707561,-0.015374469570815563,0.017415255308151245,0.013826287351548672,0.0,0.0,0.0,1141.3385396000012
459,92,2,235008,939520,0.0,0.0,-0.008032579906284809,-0.010372099466621876,0.10262540727853775,0.023952199146151543,0.0,0.0,0.0,1142.3944409000032
460,92,5,235520,942080,0.0,0.0,-0.014635996893048286,-0.017012307420372963,0.01171331200748682,0.0031423442997038364,0.0,0.0,0.0,1144.3527241000047
461,93,6,236032,945152,0.0,0.0,-0.016042886301875114,-0.018656764179468155,0.024688204750418663,0.004894906189292669,0.0,0.0,0.0,1146.7504141000027
462,93,3,236544,946688,0.0,0.0,-0.01094149611890316,-0.012951122596859932,0.044747427105903625,0.005515262018889189,0.0,0.0,0.0,1148.1753737000035
463,93,4,237056,948736,0.0,0.0,-0.013119351118803024,-0.01535861287266016,0.04092929884791374,0.02200312912464142,0.0,0.0,0.0,1150.0606613000054
464,93,2,237568,949760,0.0,0.0,-0.008285396732389927,-0.010362278670072556,0.04658440873026848,0.027897490188479424,0.0,0.0,0.0,1151.134618300006
465,93,5,238080,952320,0.0,0.0,-0.014832052402198315,-0.017009323462843895,0.029649559408426285,0.006649444345384836,0.0,0.0,0.0,1153.126602000004
466,94,5,238592,954880,0.0,0.0,-0.014824755489826202,-0.017005180940032005,0.020291626453399658,0.011067809537053108,0.0,0.0,0.0,1155.0992213000063
467,94,3,239104,956416,0.0,0.0,-0.01101105846464634,-0.012945229187607765,0.01664504036307335,0.012761805206537247,0.0,0.0,0.0,1156.524236600002
468,94,6,239616,959488,0.0,0.0,-0.0163497906178236,-0.01863832026720047,0.03545299544930458,0.022775961086153984,0.0,0.0,0.0,1158.8466866000017
469,94,4,240128,961536,0.0,0.0,-0.013319835066795349,-0.015345427207648754,0.03589192032814026,0.00849037617444992,0.0,0.0,0.0,1160.5218537000037
470,94,2,240640,962560,0.0,0.0,-0.00852894689887762,-0.010339861735701561,0.06983385980129242,0.02512209303677082,0.0,0.0,0.0,1161.5217488000053
471,95,5,241152,965120,0.0,0.0,-0.014910570345818996,-0.01699872314929962,0.03963702917098999,0.008528044447302818,0.0,0.0,0.0,1163.4285510000045
472,95,2,241664,966144,0.0,0.0,-0.008530067279934883,-0.010317017324268818,0.04428505897521973,0.041949257254600525,0.0,0.0,0.0,1164.376654300002
473,95,4,242176,968192,0.0,0.0,-0.013263254426419735,-0.015327024273574352,0.020100487396121025,0.02349383383989334,0.0,0.0,0.0,1166.070111400004
474,95,6,242688,971264,0.0,0.0,-0.016395356506109238,-0.01861962117254734,0.043828994035720825,0.010170617140829563,0.0,0.0,0.0,1168.350802800007
475,95,3,243200,972800,0.0,0.0,-0.01110925618559122,-0.012939170002937317,0.05272211879491806,0.014331163838505745,0.0,0.0,0.0,1169.755447500007
476,96,5,243712,975360,0.0,0.0,-0.014866403304040432,-0.01699129119515419,0.02194507233798504,0.0073143853805959225,0.0,0.0,0.0,1171.7228821000026
477,96,6,244224,978432,0.0,0.0,-0.01636115089058876,-0.01860082522034645,0.018631145358085632,0.012763558886945248,0.0,0.0,0.0,1173.9234466000053
478,96,2,244736,979456,0.0,0.0,-0.00846019946038723,-0.010301221162080765,0.019727716222405434,0.01281053014099598,0.0,0.0,0.0,1174.8657193000035
479,96,4,245248,981504,0.0,0.0,-0.013336239382624626,-0.015311944298446178,0.014035149477422237,0.005881528370082378,0.0,0.0,0.0,1176.5625641000006
480,96,3,245760,983040,0.0,0.0,-0.011080271564424038,-0.012932493351399899,0.0631871223449707,0.012732605449855328,0.0,0.0,0.0,1178.0212814000042
481,97,6,246272,986112,0.0,0.0,-0.016304314136505127,-0.01858215034008026,0.032846592366695404,0.005652368534356356,0.0,0.0,0.0,1180.6890188000034
482,97,5,246784,988672,0.0,0.0,-0.014862045645713806,-0.016986392438411713,0.021087760105729103,0.00957715418189764,0.0,0.0,0.0,1182.718457300005
483,97,3,247296,990208,0.0,0.0,-0.011074160225689411,-0.012919520027935505,0.01573946513235569,0.01072703581303358,0.0,0.0,0.0,1184.044367800001
484,97,2,247808,991232,0.0,0.0,-0.008468572981655598,-0.010253500193357468,0.026553284376859665,0.02815510891377926,0.0,0.0,0.0,1185.122877700007
485,97,4,248320,993280,0.0,0.0,-0.01323100458830595,-0.015284830704331398,0.05162820592522621,0.022060122340917587,0.0,0.0,0.0,1187.090695400002
486,98,2,248832,994304,0.0,0.0,-0.008439283818006516,-0.010231063701212406,0.03403286263346672,0.029195770621299744,0.0,0.0,0.0,1188.1979815000013
487,98,6,249344,997376,0.0,0.0,-0.016367385163903236,-0.018554778769612312,0.03183767572045326,0.025263676419854164,0.0,0.0,0.0,1190.8812352000023
488,98,4,249856,999424,0.0,0.0,-0.013168126344680786,-0.015262383036315441,0.02221073769032955,0.010419199243187904,0.0,0.0,0.0,1192.7255830000067
489,98,3,250368,1000960,0.0,0.0,-0.01106711383908987,-0.012907796539366245,0.033596739172935486,0.0057014464400708675,0.0,0.0,0.0,1194.2127858000022
490,98,5,250880,1003520,0.0,0.0,-0.01476367935538292,-0.016979139298200607,0.013718287460505962,0.006181344389915466,0.0,0.0,0.0,1196.2617395000052
491,99,4,251392,1005568,0.0,0.0,-0.013103785924613476,-0.015230275690555573,0.03479039669036865,0.006855940446257591,0.0,0.0,0.0,1198.0795831000069
492,99,6,251904,1008640,0.0,0.0,-0.01618446223437786,-0.018521513789892197,0.021303443238139153,0.025790903717279434,0.0,0.0,0.0,1200.5282283000051
493,99,5,252416,1011200,0.0,0.0,-0.014650130644440651,-0.016969168558716774,0.022769495844841003,0.017667092382907867,0.0,0.0,0.0,1202.5980142000044
494,99,3,252928,1012736,0.0,0.0,-0.010878130793571472,-0.01289982907474041,0.04010370373725891,0.02478037402033806,0.0,0.0,0.0,1204.3037852000052
495,99,2,253440,1013760,0.0,0.0,-0.008222860284149647,-0.010201596654951572,0.09653609246015549,0.040034376084804535,0.0,0.0,0.0,1205.6062901000041
496,100,5,253952,1016320,0.0,0.0,-0.014591936953365803,-0.016962558031082153,0.01780284009873867,0.018243247643113136,0.0,0.0,0.0,1207.7925361000016
497,100,4,254464,1018368,0.0,0.0,-0.013054251670837402,-0.015188260935246944,0.03287350386381149,0.01106281392276287,0.0,0.0,0.0,1209.7355807000058
498,100,2,254976,1019392,0.0,0.0,-0.008302001282572746,-0.010164902545511723,0.05361257493495941,0.0158735029399395,0.0,0.0,0.0,1210.8361449000004
499,100,3,255488,1020928,0.0,0.0,-0.01092532742768526,-0.0128868343308568,0.030938824638724327,0.008131462149322033,0.0,0.0,0.0,1212.381551700004
500,100,6,256000,1024000,0.0,0.0,-0.016244426369667053,-0.018478067591786385,0.019674865528941154,0.009058049879968166,0.0,0.0,0.0,1214.622679
501,101,5,256512,1026560,0.0,0.0,-0.014779570512473583,-0.016948480159044266,0.016653291881084442,0.014504087157547474,0.0,0.0,0.0,1216.449360700004
502,101,3,257024,1028096,0.0,0.0,-0.011021353304386139,-0.012868395075201988,0.04482553154230118,0.004946586675941944,0.0,0.0,0.0,1217.716323200002
503,101,2,257536,1029120,0.0,0.0,-0.008304640650749207,-0.010152079164981842,0.050382889807224274,0.02570521831512451,0.0,0.0,0.0,1218.7439202000023
504,101,6,258048,1032192,0.0,0.0,-0.01626782864332199,-0.018438085913658142,0.04380368813872337,0.018208634108304977,0.0,0.0,0.0,1220.9590169000003
505,101,4,258560,1034240,0.0,0.0,-0.013044605031609535,-0.015153324231505394,0.018086133524775505,0.011304138228297234,0.0,0.0,0.0,1222.5912105000025
506,102,2,259072,1035264,0.0,0.0,-0.00819964986294508,-0.010111718438565731,0.06546852737665176,0.020375235006213188,0.0,0.0,0.0,1223.605068200006
507,102,4,259584,1037312,0.0,0.0,-0.012969470582902431,-0.015147277154028416,0.04288359731435776,0.010264590382575989,0.0,0.0,0.0,1225.2215741000036
508,102,6,260096,1040384,0.0,0.0,-0.01597929745912552,-0.018395014107227325,0.011966447345912457,0.016729574650526047,0.0,0.0,0.0,1227.4217099000016
509,102,5,260608,1042944,0.0,0.0,-0.014479690231382847,-0.016930848360061646,0.034232113510370255,0.00789780542254448,0.0,0.0,0.0,1229.4488702000017
510,102,3,261120,1044480,0.0,0.0,-0.01074895542114973,-0.012854638509452343,0.052622586488723755,0.009808770380914211,0.0,0.0,0.0,1230.8757331000015
511,103,6,261632,1047552,0.0,0.0,-0.01574941910803318,-0.018326641991734505,0.015648987144231796,0.017237890511751175,0.0,0.0,0.0,1233.1856983000034
512,103,3,262144,1049088,0.0,0.0,-0.010622126050293446,-0.012835908681154251,0.018967369571328163,0.003953704610466957,0.0,0.0,0.0,1234.5220215000008
513,103,4,262656,1051136,0.0,0.0,-0.012710889801383018,-0.01512215007096529,0.076748326420784,0.009402434341609478,0.0,0.0,0.0,1236.2898299000008
514,103,5,263168,1053696,0.0,0.0,-0.014177498407661915,-0.016909373924136162,0.029080109670758247,0.024136383086442947,0.0,0.0,0.0,1238.4193030000024
515,103,2,263680,1054720,0.0,0.0,-0.007720583584159613,-0.01007506251335144,0.061017971485853195,0.01745818927884102,0.0,0.0,0.0,1239.4232871000058
516,104,3,264192,1056256,0.0,0.0,-0.010490255430340767,-0.01282318215817213,0.027048105373978615,0.009392512030899525,0.0,0.0,0.0,1240.755300900004
517,104,5,264704,1058816,0.0,0.0,-0.014087403193116188,-0.016899634152650833,0.0346137210726738,0.01587899588048458,0.0,0.0,0.0,1242.7448454000041
518,104,4,265216,1060864,0.0,0.0,-0.012365196831524372,-0.015112721361219883,0.03741344437003136,0.010450729168951511,0.0,0.0,0.0,1244.2747581000003
519,104,2,265728,1061888,0.0,0.0,-0.007388809695839882,-0.010045130737125874,0.038879599422216415,0.03282972797751427,0.0,0.0,0.0,1245.2064483000067
520,104,6,266240,1064960,0.0,0.0,-0.01522019226104021,-0.018268950283527374,0.0321565642952919,0.009178750216960907,0.0,0.0,0.0,1247.3418457000007
521,105,2,266752,1065984,0.0,0.0,-0.007287239655852318,-0.010029608383774757,0.034337542951107025,0.04454202204942703,0.0,0.0,0.0,1248.3656865000012
522,105,6,267264,1069056,0.0,0.0,-0.015195691958069801,-0.01824028044939041,0.030004329979419708,0.011145106516778469,0.0,0.0,0.0,1250.5152042000045
523,105,5,267776,1071616,0.0,0.0,-0.01382893044501543,-0.016866475343704224,0.041375577449798584,0.007862633094191551,0.0,0.0,0.0,1252.3458625000058
524,105,4,268288,1073664,0.0,0.0,-0.0119614964351058,-0.015081358142197132,0.04200243949890137,0.02276432327926159,0.0,0.0,0.0,1253.8867733000006
525,105,3,268800,1075200,0.0,0.0,-0.01002551056444645,-0.012803941033780575,0.0560833178460598,0.04584164544939995,0.0,0.0,0.0,1255.1194532000009
526,106,4,269312,1077248,0.0,0.0,-0.011863277293741703,-0.015040304511785507,0.04272577166557312,0.062469810247421265,0.0,0.0,0.0,1256.6664720000044
527,106,2,269824,1078272,0.0,0.0,-0.006942862179130316,-0.00999457761645317,0.05385138839483261,0.03781311213970184,0.0,0.0,0.0,1257.6436025000003
528,106,6,270336,1081344,0.0,0.0,-0.01483780238777399,-0.018195156008005142,0.03981027007102966,0.008864499628543854,0.0,0.0,0.0,1260.150130300004
529,106,5,270848,1083904,0.0,0.0,-0.013522092252969742,-0.016845092177391052,0.03105361945927143,0.01354199554771185,0.0,0.0,0.0,1262.3405660000062
530,106,3,271360,1085440,0.0,0.0,-0.009812728501856327,-0.012783661484718323,0.031061971560120583,0.014416894875466824,0.0,0.0,0.0,1263.7690574000007
531,107,3,271872,1086976,0.0,0.0,-0.009837689809501171,-0.01277076918631792,0.04600262641906738,0.02460015006363392,0.0,0.0,0.0,1265.4187851000024
532,107,5,272384,1089536,0.0,0.0,-0.0134445670992136,-0.016812758520245552,0.029679592698812485,0.009527378715574741,0.0,0.0,0.0,1268.0514006000012
533,107,2,272896,1090560,0.0,0.0,-0.006772379390895367,-0.009966425597667694,0.044237539172172546,0.03077029064297676,0.0,0.0,0.0,1269.2205613000042
534,107,6,273408,1093632,0.0,0.0,-0.014786570332944393,-0.0181166660040617,0.022628044709563255,0.040096621960401535,0.0,0.0,0.0,1272.0665563000002
535,107,4,273920,1095680,0.0,0.0,-0.01170214731246233,-0.015006393194198608,0.023621324449777603,0.026916539296507835,0.0,0.0,0.0,1274.1664855000054
536,108,4,274432,1097728,0.0,0.0,-0.011758707463741302,-0.014965123496949673,0.016157856211066246,0.010499215684831142,0.0,0.0,0.0,1275.9459251000007
537,108,5,274944,1100288,0.0,0.0,-0.013435116037726402,-0.01677711121737957,0.027627043426036835,0.03157823532819748,0.0,0.0,0.0,1277.9750243000017
538,108,3,275456,1101824,0.0,0.0,-0.009963259100914001,-0.012732208706438541,0.02213056944310665,0.019676847383379936,0.0,0.0,0.0,1279.4133213000023
539,108,2,275968,1102848,0.0,0.0,-0.006923651322722435,-0.009915446862578392,0.027126220986247063,0.08769451081752777,0.0,0.0,0.0,1280.4661248000048
540,108,6,276480,1105920,0.0,0.0,-0.014760714955627918,-0.018062831833958626,0.01698564551770687,0.022402649745345116,0.0,0.0,0.0,1282.9311746000021
541,109,6,276992,1108992,0.0,0.0,-0.014860628172755241,-0.0179598331451416,0.025831373408436775,0.01833396777510643,0.0,0.0,0.0,1285.395268100001
542,109,2,277504,1110016,0.0,0.0,-0.007004406303167343,-0.009856161661446095,0.04301680251955986,0.0856105387210846,0.0,0.0,0.0,1286.4007929
543,109,3,278016,1111552,0.0,0.0,-0.010033626109361649,-0.012683638371527195,0.04537374898791313,0.04197661578655243,0.0,0.0,0.0,1287.753829100002
544,109,4,278528,1113600,0.0,0.0,-0.011861641891300678,-0.014889086596667767,0.030580846592783928,0.04465249553322792,0.0,0.0,0.0,1289.3890868000017
545,109,5,279040,1116160,0.0,0.0,-0.013608614914119244,-0.016752945259213448,0.030533432960510254,0.011529986746609211,0.0,0.0,0.0,1291.5882744000046
546,110,5,279552,1118720,0.0,0.0,-0.01341052632778883,-0.016696030274033546,0.024411877617239952,0.0046913339756429195,0.0,0.0,0.0,1293.564554100005
547,110,4,280064,1120768,0.0,0.0,-0.011794861406087875,-0.014844666235148907,0.06472451239824295,0.0406484492123127,0.0,0.0,0.0,1295.2733427000057
548,110,2,280576,1121792,0.0,0.0,-0.006958876736462116,-0.009763105772435665,0.062488965690135956,0.037559930235147476,0.0,0.0,0.0,1296.3339627000023
549,110,3,281088,1123328,0.0,0.0,-0.009835471399128437,-0.012655049562454224,0.03258295729756355,0.01200434286147356,0.0,0.0,0.0,1297.7471439
550,110,6,281600,1126400,0.0,0.0,-0.01480658259242773,-0.017861565575003624,0.0274788998067379,0.01881258189678192,0.0,0.0,0.0,1300.144064
551,111,3,282112,1127936,0.0,0.0,-0.009958412498235703,-0.0126118129119277,0.05798054859042168,0.018319210037589073,0.0,0.0,0.0,1301.489977300007
552,111,2,282624,1128960,0.0,0.0,-0.007065875455737114,-0.00970805436372757,0.04610038548707962,0.05179089680314064,0.0,0.0,0.0,1302.4364525000055
553,111,5,283136,1131520,0.0,0.0,-0.013603213243186474,-0.016657661646604538,0.028032930567860603,0.0232092197984457,0.0,0.0,0.0,1304.304399700006
554,111,6,283648,1134592,0.0,0.0,-0.014824885874986649,-0.017785660922527313,0.027666667476296425,0.06304993480443954,0.0,0.0,0.0,1306.4594492000033
555,111,4,284160,1136640,0.0,0.0,-0.011881571263074875,-0.014750821515917778,0.03650270774960518,0.012719601392745972,0.0,0.0,0.0,1308.088638500005
556,112,6,284672,1139712,0.0,0.0,-0.01490171067416668,-0.01767348311841488,0.020074641332030296,0.018973123282194138,0.0,0.0,0.0,1310.2742507000003
557,112,4,285184,1141760,0.0,0.0,-0.01188079547137022,-0.014686509035527706,0.030064258724451065,0.008559001609683037,0.0,0.0,0.0,1311.829767700001
558,112,2,285696,1142784,0.0,0.0,-0.007077602669596672,-0.009625980630517006,0.09832898527383804,0.03652605786919594,0.0,0.0,0.0,1312.7629670000024
559,112,5,286208,1145344,0.0,0.0,-0.01364008616656065,-0.01659323088824749,0.029501423239707947,0.020282745361328125,0.0,0.0,0.0,1314.6342970000042
560,112,3,286720,1146880,0.0,0.0,-0.009976765140891075,-0.012582352384924889,0.06306960433721542,0.01854744367301464,0.0,0.0,0.0,1315.9264935000028
561,113,2,287232,1147904,0.0,0.0,-0.007137492764741182,-0.00956741627305746,0.026276569813489914,0.05914688855409622,0.0,0.0,0.0,1316.8869092000023
562,113,3,287744,1149440,0.0,0.0,-0.010073338635265827,-0.012499230913817883,0.03305225074291229,0.016298558562994003,0.0,0.0,0.0,1318.295128800004
563,113,4,288256,1151488,0.0,0.0,-0.01193846296519041,-0.014576487243175507,0.031174305826425552,0.04456170275807381,0.0,0.0,0.0,1319.9577875000032
564,113,6,288768,1154560,0.0,0.0,-0.015013904310762882,-0.01759694144129753,0.018089326098561287,0.01674587093293667,0.0,0.0,0.0,1322.2877124000006
565,113,5,289280,1157120,0.0,0.0,-0.013685048557817936,-0.0165176372975111,0.031161468476057053,0.02323024906218052,0.0,0.0,0.0,1324.303243800001
566,114,3,289792,1158656,0.0,0.0,-0.010225226171314716,-0.01245804876089096,0.0553276464343071,0.017322761937975883,0.0,0.0,0.0,1325.747636900007
567,114,6,290304,1161728,0.0,0.0,-0.015135177411139011,-0.017467036843299866,0.015145108103752136,0.016580967232584953,0.0,0.0,0.0,1328.6540466000006
568,114,5,290816,1164288,0.0,0.0,-0.013813231140375137,-0.016480252146720886,0.03478311002254486,0.028836378827691078,0.0,0.0,0.0,1331.7041604000042
569,114,2,291328,1165312,0.0,0.0,-0.007355362176895142,-0.009511725977063179,0.07837342470884323,0.027599411085247993,0.0,0.0,0.0,1332.9733345000059
570,114,4,291840,1167360,0.0,0.0,-0.012149441055953503,-0.014482026919722557,0.05936151742935181,0.0301208458840847,0.0,0.0,0.0,1335.0967013000045
571,115,4,292352,1169408,0.0,0.0,-0.012087976559996605,-0.01440376602113247,0.02479490451514721,0.01027072686702013,0.0,0.0,0.0,1337.1628957000066
572,115,5,292864,1171968,0.0,0.0,-0.013810349628329277,-0.016382908448576927,0.023391658440232277,0.011470566503703594,0.0,0.0,0.0,1339.261619500001
573,115,3,293376,1173504,0.0,0.0,-0.010197428986430168,-0.012397958897054195,0.10447535663843155,0.02119630016386509,0.0,0.0,0.0,1340.5607132000005
574,115,2,293888,1174528,0.0,0.0,-0.007414417341351509,-0.009420215152204037,0.06676044315099716,0.027532828971743584,0.0,0.0,0.0,1341.701782300006
575,115,6,294400,1177600,0.0,0.0,-0.015136881731450558,-0.017315339297056198,0.04220745339989662,0.05771176144480705,0.0,0.0,0.0,1344.2430231000035
576,116,5,294912,1180160,0.0,0.0,-0.013875346630811691,-0.016287075355648994,0.033404409885406494,0.013880504295229912,0.0,0.0,0.0,1346.4467337000024
577,116,3,295424,1181696,0.0,0.0,-0.010305207222700119,-0.01233644224703312,0.04535165801644325,0.014056245796382427,0.0,0.0,0.0,1347.832366900002
578,116,4,295936,1183744,0.0,0.0,-0.012297190725803375,-0.014300622045993805,0.03119160793721676,0.012799913994967937,0.0,0.0,0.0,1349.5199546000003
579,116,2,296448,1184768,0.0,0.0,-0.007602386642247438,-0.009341750293970108,0.06529424339532852,0.09408478438854218,0.0,0.0,0.0,1350.713502000006
580,116,6,296960,1187840,0.0,0.0,-0.015382809564471245,-0.017198801040649414,0.035236719995737076,0.02196839451789856,0.0,0.0,0.0,1353.0784163000062
581,117,6,297472,1190912,0.0,0.0,-0.0153507050126791,-0.017052143812179565,0.021095886826515198,0.04191884025931358,0.0,0.0,0.0,1355.5308361000061
582,117,4,297984,1192960,0.0,0.0,-0.012454282492399216,-0.014196508564054966,0.03285933658480644,0.03713206201791763,0.0,0.0,0.0,1357.3328034000006
583,117,2,298496,1193984,0.0,0.0,-0.007758073043078184,-0.009242568165063858,0.06071370467543602,0.03141540288925171,0.0,0.0,0.0,1358.4176120000047
584,117,5,299008,1196544,0.0,0.0,-0.01413142029196024,-0.016187697649002075,0.04853993281722069,0.017772797495126724,0.0,0.0,0.0,1360.5761340000026
585,117,3,299520,1198080,0.0,0.0,-0.010493854992091656,-0.012273968197405338,0.0369405560195446,0.03862113878130913,0.0,0.0,0.0,1361.8939367000057
586,118,4,300032,1200128,0.0,0.0,-0.012558802962303162,-0.01413501612842083,0.04752691462635994,0.010115095414221287,0.0,0.0,0.0,1363.4360964000007
587,118,3,300544,1201664,0.0,0.0,-0.010597297921776772,-0.012228156439960003,0.07842276245355606,0.01198981050401926,0.0,0.0,0.0,1364.6866698000013
588,118,2,301056,1202688,0.0,0.0,-0.007914124056696892,-0.009118301793932915,0.06187038868665695,0.028335871174931526,0.0,0.0,0.0,1365.6475479
589,118,6,301568,1205760,0.0,0.0,-0.015464158728718758,-0.016947396099567413,0.03645319864153862,0.05293191596865654,0.0,0.0,0.0,1367.8212423000004
590,118,5,302080,1208320,0.0,0.0,-0.014193766750395298,-0.01609177701175213,0.03346030041575432,0.01699949987232685,0.0,0.0,0.0,1369.735575000006
591,119,2,302592,1209344,0.0,0.0,-0.007883182726800442,-0.008955375291407108,0.08462375402450562,0.02724708616733551,0.0,0.0,0.0,1370.6646546000047
592,119,6,303104,1212416,0.0,0.0,-0.015605587512254715,-0.016852980479598045,0.024930333718657494,0.010828861966729164,0.0,0.0,0.0,1372.8198804000058
593,119,4,303616,1214464,0.0,0.0,-0.012562813237309456,-0.014078525826334953,0.05936472862958908,0.06984323263168335,0.0,0.0,0.0,1374.3499993000005
594,119,5,304128,1217024,0.0,0.0,-0.014165024273097515,-0.01597665809094906,0.02805689349770546,0.017735449597239494,0.0,0.0,0.0,1376.1956589000038
595,119,3,304640,1218560,0.0,0.0,-0.010592804290354252,-0.012127259746193886,0.02287929691374302,0.032216232270002365,0.0,0.0,0.0,1377.4464527000018
596,120,2,305152,1219584,0.0,0.0,-0.00788874551653862,-0.008888107724487782,0.1355317085981369,0.10367798060178757,0.0,0.0,0.0,1378.5749152000062
597,120,5,305664,1222144,0.0,0.0,-0.014171317219734192,-0.015894873067736626,0.05086245760321617,0.011610537767410278,0.0,0.0,0.0,1380.692203700004
598,120,3,306176,1223680,0.0,0.0,-0.010589918121695518,-0.012058115564286709,0.039827942848205566,0.01765105128288269,0.0,0.0,0.0,1382.0548822000055
599,120,4,306688,1225728,0.0,0.0,-0.012618674896657467,-0.014003386721014977,0.02989215962588787,0.06928311288356781,0.0,0.0,0.0,1383.606409800006
600,120,6,307200,1228800,0.0,0.0,-0.015665573999285698,-0.016807548701763153,0.037590544670820236,0.015348203480243683,0.0,0.0,0.0,1385.8858720000062
601,121,3,307712,1230336,0.0,0.0,-0.010678360238671303,-0.01198442280292511,0.02512430027127266,0.018771059811115265,0.0,0.0,0.0,1387.2935910000015
602,121,2,308224,1231360,0.0,0.0,-0.00809165183454752,-0.008771662600338459,0.06373651325702667,0.02067984826862812,0.0,0.0,0.0,1388.3463371000034
603,121,5,308736,1233920,0.0,0.0,-0.014322479255497456,-0.015794282779097557,0.024968041107058525,0.04429470747709274,0.0,0.0,0.0,1390.7018482000058
604,121,4,309248,1235968,0.0,0.0,-0.012751464731991291,-0.013901986181735992,0.02485038712620735,0.03407291695475578,0.0,0.0,0.0,1392.448834200004
605,121,6,309760,1239040,0.0,0.0,-0.015793394297361374,-0.016690583899617195,0.018669111654162407,0.018369244411587715,0.0,0.0,0.0,1394.7438150000016
606,122,4,310272,1241088,0.0,0.0,-0.012802069075405598,-0.013708733953535557,0.02435373328626156,0.0410149060189724,0.0,0.0,0.0,1396.7754465000035
607,122,5,310784,1243648,0.0,0.0,-0.014464744366705418,-0.015748262405395508,0.009870975278317928,0.026129236444830894,0.0,0.0,0.0,1399.2207100000014
608,122,2,311296,1244672,0.0,0.0,-0.008301693014800549,-0.00859921146184206,0.05359417945146561,0.05302724987268448,0.0,0.0,0.0,1400.4449946000022
609,122,3,311808,1246208,0.0,0.0,-0.010944763198494911,-0.011886940337717533,0.05830982327461243,0.05558229982852936,0.0,0.0,0.0,1402.062268900001
610,122,6,312320,1249280,0.0,0.0,-0.015951883047819138,-0.01665324531495571,0.00911317765712738,0.05570056289434433,0.0,0.0,0.0,1404.4538040000043
611,123,3,312832,1250816,0.0,0.0,-0.01095546130090952,-0.011785268783569336,0.030909819528460503,0.024634668603539467,0.0,0.0,0.0,1405.9312705000048
612,123,5,313344,1253376,0.0,0.0,-0.014442461542785168,-0.015643931925296783,0.017052024602890015,0.008141307160258293,0.0,0.0,0.0,1408.082729200003
613,123,6,313856,1256448,0.0,0.0,-0.01598825678229332,-0.01662946492433548,0.0463729165494442,0.06413659453392029,0.0,0.0,0.0,1410.5682969000045
614,123,4,314368,1258496,0.0,0.0,-0.012951748445630074,-0.013636143878102303,0.029792385175824165,0.030621031299233437,0.0,0.0,0.0,1412.5117461000045
615,123,2,314880,1259520,0.0,0.0,-0.008381418883800507,-0.008497165516018867,0.03916438668966293,0.08081840723752975,0.0,0.0,0.0,1413.5870993000062
616,124,3,315392,1261056,0.0,0.0,-0.010908630676567554,-0.011670924723148346,0.029189515858888626,0.030845116823911667,0.0,0.0,0.0,1415.0110428000044
617,124,5,315904,1263616,0.0,0.0,-0.014478505589067936,-0.01565534621477127,0.028604159131646156,0.036674343049526215,0.0,0.0,0.0,1417.2508783000012
618,124,6,316416,1266688,0.0,0.0,-0.0158676914870739,-0.01662307418882847,0.04387098550796509,0.025675401091575623,0.0,0.0,0.0,1419.861545700005
619,124,4,316928,1268736,0.0,0.0,-0.013024548999965191,-0.013579676859080791,0.03476031497120857,0.023642681539058685,0.0,0.0,0.0,1421.723951
620,124,2,317440,1269760,0.0,0.0,-0.008353184908628464,-0.008283637464046478,0.03947259113192558,0.03446333482861519,0.0,0.0,0.0,1422.725978100003
621,125,4,317952,1271808,0.0,0.0,-0.012838088907301426,-0.013394022360444069,0.04413013905286789,0.03765473887324333,0.0,0.0,0.0,1424.2873599000013
622,125,2,318464,1272832,0.0,0.0,-0.008285819552838802,-0.008148299530148506,0.08218996226787567,0.07233636826276779,0.0,0.0,0.0,1425.233650000002
623,125,6,318976,1275904,0.0,0.0,-0.015780743211507797,-0.016605770215392113,0.035485707223415375,0.016809483990073204,0.0,0.0,0.0,1427.4235168000014
624,125,3,319488,1277440,0.0,0.0,-0.01086465921252966,-0.011613236740231514,0.048257093876600266,0.027611788362264633,0.0,0.0,0.0,1428.7376475000056
625,125,5,320000,1280000,0.0,0.0,-0.014281042851507664,-0.015524379909038544,0.030937833711504936,0.012327199801802635,0.0,0.0,0.0,1430.6836545000042
